modern_country_name,country_name,year,year_before,continent,land_size,land_size_plus,continent_size,capital_location,dominant_soil,ore_deposit,dominant_landscape,climate_dominant,climate_t2_dominant,climate_t3_dominant,max_degree_north,max_degree_south,count_boundaries,longest_border,country_borders,sea_borders,water_borders,desert_borders,mountain_borders,open_borders,continent_ratio,land_plus_ratio,soil_ratio,landscape_ratio,border_ratio,natural_forestation_ratio,if_independent,system_type,sub_system_type,economic_type,if_rich
France,Duchy of Burgundy,1416,51416,Europe,100000,0,10498000,inland,temperate soils,1,plains,Temperate,No dry season,Warm summer,53.0,46.0,7,open,4,1,1,0,1,4,0.0095,0.0,0.7,0.8,0.6,0.3,Yes,Unitary,Absolute,Mercantile,3
England,Kingdom of England,1416,51416,Europe,230000,0,10498000,river-based,temperate soils,2,archipelagic,Temperate,No dry season,Warm summer,55.8,43.0,6,sea,3,2,1,0,0,3,0.0219,0.0,0.85,0.90,0.75,0.25,Yes,Unitary,Restricted,Agrarian,2
France,Kingdom of France,1416,51416,Europe,450000,0,10498000,river-based,temperate soils,1,plains,Temperate,No dry season,Warm summer,51.0,41.3,10,sea,8,2,1,0,3,4,0.0429,0.0,0.6,0.65,0.55,0.31,Yes,Unitary,Absolute,Agrarian,1
France,Kingdom of France,1488,51488,Europe,480000,0,10498000,river-based,temperate soils,1,plains,Temperate,No dry season,Warm summer,51,42,8,sea,6,2,1,0,2,3,0,0,1,1,1,0,Yes,Unitary,Absolute,Agrarian,2
France,Kingdom of France,1596,51596,Europe,490000,0,10498000,river-based,temperate soils,1,plains,Temperate,No dry season,Warm summer,51,42,8,sea,6,2,1,0,2,3,0,0,1,1,1,0,Yes,Unitary,Absolute,Agrarian,2
France,Kingdom of France,1632,51632,Europe,500000,100000,10498000,river-based,temperate soils,1,plains,Temperate,No dry season,Warm summer,51,42,8,sea,6,2,1,0,2,3,0,0,1,1,1,0,Yes,Unitary,Absolute,Agrarian,2
France,Kingdom of France,1669,51669,Europe,510000,500000,10498000,river-based,temperate soils,1,plains,Temperate,No dry season,Warm summer,51,42,8,sea,6,2,1,0,2,3,0,1,1,1,1,0,Yes,Unitary,Absolute,Mercantile,3
France,Kingdom of France,1705,51705,Europe,520000,1500000,10498000,river-based,temperate soils,1,plains,Temperate,No dry season,Warm summer,51,42,8,sea,6,2,1,0,2,3,0,3,1,1,1,0,Yes,Unitary,Absolute,Mercantile,3
France,Kingdom of France,1740,51740,Europe,530000,2000000,10498000,river-based,temperate soils,1,plains,Temperate,No dry season,Warm summer,51,42,8,sea,6,2,1,0,2,3,0,4,1,1,1,0,Yes,Unitary,Absolute,Mercantile,3
France,French Second Republic,1848,51848,Europe,540000,300000,10498000,river-based,temperate soils,1,plains,Temperate,No dry season,Warm summer,51,42,8,sea,6,2,1,0,2,3,0,1,1,1,1,0,Yes,Unitary,Democratic,Capitalist,3
France,French Third Republic,1884,51884,Europe,540000,4500000,10498000,river-based,temperate soils,1,plains,Temperate,No dry season,Warm summer,51,42,8,sea,6,2,1,0,2,3,0,8,1,1,1,0,Yes,Unitary,Democratic,Capitalist,3
France,French Third Republic,1919,51919,Europe,540000,11000000,10498000,river-based,temperate soils,1,plains,Temperate,No dry season,Warm summer,51,42,8,sea,6,2,1,0,2,3,0,20,1,1,1,0,Yes,Unitary,Democratic,Capitalist,3
France,French Fifth Republic,1991,51991,Europe,543940,89169,10498000,river-based,temperate soils,1,plains,Temperate,No dry season,Warm summer,51,42,10,sea,8,2,1,0,2,5,0,0,1,1,1,0,Yes,Unitary,Democratic,Social Capitalism,3
France,French Fifth Republic,2026,52026,Europe,543940,89169,10498000,river-based,temperate soils,1,plains,Temperate,No dry season,Warm summer,51,42,10,sea,8,2,1,0,2,5,0,0,1,1,1,0,Yes,Unitary,Democratic,Social Capitalism,3
Poland,Kingdom of Poland,1023,41023,Europe,250000,0,10498000,inland,temperate soils,1,plains,Continental,No dry season,Warm summer,"54,8",49,6,open,6,0,1,0,1,4,"0,0238",0,"0,8","0,75","0,5","0,4",Yes,Unitary,Absolute,Agrarian,1
Poland,Duchy of Poland,1094,41094,Europe,240000,0,10498000,river-based,temperate soils,1,plains,Continental,No dry season,Warm summer,"54,8",49,5,open,5,0,0,0,1,4,"0,0229",0,"0,8","0,75","0,5","0,4",Yes,Unitary,Absolute,Agrarian,1
Poland,Duchy of Krakow,1138,41138,Europe,40000,0,10498000,central on a river,temperate soils,1,plains,Continental,No dry season,Warm summer,"54,8",49,4,open,4,0,0,0,1,3,"0,0038",0,"0,8","0,75","0,5","0,4",Yes,Unitary,Absolute,Agrarian,1
Poland,Duchy of Greater Poland,1138,41138,Europe,55000,0,10498000,central on a river,temperate soils,1,plains,Continental,No dry season,Warm summer,"54,8",49,5,open,5,0,1,0,0,4,"0,0052",0,"0,8","0,75","0,5","0,4",Yes,Unitary,Absolute,Agrarian,1
Poland,Duchy of Silesia,1138,41138,Europe,45000,0,10498000,central on a river,temperate soils,1,plains,Continental,No dry season,Warm summer,"54,8",49,4,open,4,0,0,0,1,3,"0,0043",0,"0,8","0,75","0,5","0,4",Yes,Unitary,Absolute,Agrarian,1
Poland,Duchy of Masovia,1138,41138,Europe,40000,0,10498000,river-based,temperate soils,1,plains,Continental,No dry season,Warm summer,"54,8",49,4,open,4,0,0,0,0,4,"0,0038",0,"0,8","0,75","0,5","0,4",Yes,Unitary,Absolute,Agrarian,1
Poland,Duchy of Krakow,1166,41166,Europe,40000,0,10498000,central on a river,temperate soils,1,plains,Continental,No dry season,Warm summer,"54,8",49,4,open,4,0,0,0,1,3,"0,0038",0,"0,8","0,75","0,5","0,4",Yes,Unitary,Absolute,Agrarian,1
Poland,Duchy of Greater Poland,1166,41166,Europe,55000,0,10498000,central on a river,temperate soils,1,plains,Continental,No dry season,Warm summer,"54,8",49,5,open,5,0,1,0,0,4,"0,0052",0,"0,8","0,75","0,5","0,4",Yes,Unitary,Absolute,Agrarian,1
Poland,Duchy of Silesia,1166,41166,Europe,45000,0,10498000,central on a river,temperate soils,1,plains,Continental,No dry season,Warm summer,"54,8",49,4,open,4,0,0,0,1,3,"0,0043",0,"0,8","0,75","0,5","0,4",Yes,Unitary,Absolute,Agrarian,1
Poland,Duchy of Masovia,1166,41166,Europe,40000,0,10498000,river-based,temperate soils,1,plains,Continental,No dry season,Warm summer,"54,8",49,4,open,4,0,0,0,0,4,"0,0038",0,"0,8","0,75","0,5","0,4",Yes,Unitary,Absolute,Agrarian,1
Poland,Duchy of Krakow,1238,41238,Europe,40000,0,10498000,central on a river,temperate soils,1,plains,Continental,No dry season,Warm summer,"54,8",49,4,open,4,0,0,0,1,3,"0,0038",0,"0,8","0,75","0,5","0,4",Yes,Unitary,Absolute,Agrarian,1
Poland,Duchy of Greater Poland,1238,41238,Europe,55000,0,10498000,central on a river,temperate soils,1,plains,Continental,No dry season,Warm summer,"54,8",49,5,open,5,0,1,0,0,4,"0,0052",0,"0,8","0,75","0,5","0,4",Yes,Unitary,Absolute,Agrarian,1
Poland,Duchy of Silesia,1238,41238,Europe,45000,0,10498000,central on a river,temperate soils,1,plains,Continental,No dry season,Warm summer,"54,8",49,4,open,4,0,0,0,1,3,"0,0043",0,"0,8","0,75","0,5","0,4",Yes,Unitary,Absolute,Agrarian,1
Poland,Duchy of Masovia,1238,41238,Europe,40000,0,10498000,river-based,temperate soils,1,plains,Continental,No dry season,Warm summer,"54,8",49,4,open,4,0,0,0,0,4,"0,0038",0,"0,8","0,75","0,5","0,4",Yes,Unitary,Absolute,Agrarian,1
Poland,Duchy of Krakow,1274,41274,Europe,40000,0,10498000,central on a river,temperate soils,1,plains,Continental,No dry season,Warm summer,"54,8",49,4,open,4,0,0,0,1,3,"0,0038",0,"0,8","0,75","0,5","0,4",Yes,Unitary,Absolute,Agrarian,1
Poland,Duchy of Greater Poland,1274,41274,Europe,55000,0,10498000,central on a river,temperate soils,1,plains,Continental,No dry season,Warm summer,"54,8",49,5,open,5,0,1,0,0,4,"0,0052",0,"0,8","0,75","0,5","0,4",Yes,Unitary,Absolute,Agrarian,1
Poland,Duchy of Silesia,1274,41274,Europe,45000,0,10498000,central on a river,temperate soils,1,plains,Continental,No dry season,Warm summer,"54,8",49,4,open,4,0,0,0,1,3,"0,0043",0,"0,8","0,75","0,5","0,4",Yes,Unitary,Absolute,Agrarian,1
Poland,Duchy of Masovia,1274,41274,Europe,40000,0,10498000,river-based,temperate soils,1,plains,Continental,No dry season,Warm summer,"54,8",49,4,open,4,0,0,0,0,4,"0,0038",0,"0,8","0,75","0,5","0,4",Yes,Unitary,Absolute,Agrarian,1
Poland,Kingdom of Poland,1346,41346,Europe,200000,0,10498000,river-based,temperate soils,1,plains,Continental,No dry season,Warm summer,"54,8",49,6,open,6,0,0,0,1,5,"0,0191",0,"0,8","0,75","0,5","0,4",Yes,Unitary,Absolute,Agrarian,1
Poland,Kingdom of Poland,1381,41381,Europe,240000,0,10498000,river-based,temperate soils,1,plains,Continental,No dry season,Warm summer,"54,8",49,6,open,6,0,0,0,1,5,"0,0229",0,"0,8","0,75","0,5","0,4",Yes,Unitary,Absolute,Agrarian,1
Poland,Kingdom of Poland,1416,41416,Europe,260000,0,10498000,river-based,temperate soils,1,plains,Continental,No dry season,Warm summer,"54,8",49,7,open,7,0,0,0,1,6,"0,0248",0,"0,8","0,75","0,5","0,4",Yes,Unitary,Restricted,Agrarian,2
Poland,Kingdom of Poland,1488,41488,Europe,260000,0,10498000,river-based,temperate soils,1,plains,Continental,No dry season,Warm summer,"54,8",49,8,open,7,1,0,0,1,6,"0,0248",0,"0,8","0,75","0,5","0,4",Yes,Unitary,Restricted,Agrarian,2
Poland,Kingdom of Poland,1561,41561,Europe,260000,0,10498000,river-based,temperate soils,1,plains,Continental,No dry season,Warm summer,"54,8",49,8,open,7,1,0,0,1,6,"0,0248",0,"0,8","0,75","0,5","0,4",Yes,Unitary,Restricted,Agrarian,2
Poland,The Polish-Lithuanian Commonwealth,1596,41596,Europe,990000,0,10498000,central on a river,temperate soils,1,plains,Continental,No dry season,Warm summer,"54,8",49,11,open,10,1,2,0,1,7,"0,0943",0,"0,8","0,75","0,5","0,4",Yes,Federal,Restricted,Agrarian,2
Poland,The Polish-Lithuanian Commonwealth,1632,41632,Europe,990000,0,10498000,central on a river,temperate soils,1,plains,Continental,No dry season,Warm summer,"54,8",49,11,open,10,1,2,0,1,7,"0,0943",0,"0,8","0,75","0,5","0,4",Yes,Federal,Restricted,Agrarian,2
Poland,The Polish-Lithuanian Commonwealth,1669,41669,Europe,990000,0,10498000,central on a river,temperate soils,1,plains,Continental,No dry season,Warm summer,"54,8",49,11,open,10,1,2,0,1,7,"0,0943",0,"0,8","0,75","0,5","0,4",Yes,Federal,Restricted,Agrarian,2
Poland,The Polish-Lithuanian Commonwealth,1705,41705,Europe,990000,0,10498000,central on a river,temperate soils,1,plains,Continental,No dry season,Warm summer,"54,8",49,11,open,10,1,2,0,1,7,"0,0943",0,"0,8","0,75","0,5","0,4",Yes,Federal,Restricted,Agrarian,2
Poland,The Polish-Lithuanian Commonwealth,1740,41740,Europe,990000,0,10498000,central on a river,temperate soils,1,plains,Continental,No dry season,Warm summer,"54,8",49,11,open,10,1,2,0,1,7,"0,0943",0,"0,8","0,75","0,5","0,4",Yes,Federal,Restricted,Agrarian,2
Poland,Russian Empire,1848,41848,Europe,22800000,0,10498000,inland,temperate soils,1,plains,Continental,No dry season,Warm summer,"54,8",49,14,open,11,3,1,0,2,8,"2,1718",0,"0,8","0,75","0,5","0,4",Yes,Unitary,Absolute,Agrarian,2
Poland,Kingdom of Prussia,1848,41848,Europe,348000,0,10498000,inland,temperate soils,1,plains,Continental,No dry season,Warm summer,"54,8",49,5,open,4,1,0,0,0,4,"0,0331",0,"0,8","0,75","0,5","0,4",Yes,Unitary,Absolute,Agrarian,2
Poland,Austrian Empire,1848,41848,Europe,676000,0,10498000,inland,temperate soils,1,plains,Continental,No dry season,Warm summer,"54,8",49,8,open,7,1,0,0,2,5,"0,0644",0,"0,8","0,75","0,5","0,4",Yes,Unitary,Absolute,Agrarian,2
Poland,Russian Empire,1884,41884,Europe,22800000,0,10498000,inland,temperate soils,1,plains,Continental,No dry season,Warm summer,"54,8",49,14,open,11,3,1,0,2,8,"2,1718",0,"0,8","0,75","0,5","0,4",Yes,Unitary,Absolute,Agrarian,2
Poland,Kingdom of Prussia,1884,41884,Europe,348000,0,10498000,inland,temperate soils,1,plains,Continental,No dry season,Warm summer,"54,8",49,5,open,4,1,0,0,0,4,"0,0331",0,"0,8","0,75","0,5","0,4",Yes,Unitary,Absolute,Agrarian,2
Poland,Austrian Empire,1884,41884,Europe,676000,0,10498000,inland,temperate soils,1,plains,Continental,No dry season,Warm summer,"54,8",49,8,open,7,1,0,0,2,5,"0,0644",0,"0,8","0,75","0,5","0,4",Yes,Unitary,Absolute,Agrarian,2
Poland,Second Polish Republic,1919,41919,Europe,388000,0,10498000,central on a river,temperate soils,1,plains,Continental,No dry season,Warm summer,"54,8",49,8,open,7,1,0,0,1,6,"0,037",0,"0,8","0,75","0,5","0,4",Yes,Unitary,Democratic,Capitalist,1
Poland,Republic of Poland,1991,41991,Europe,312696,0,10498000,river-based,temperate soils,1,plains,Continental,No dry season,Warm summer,"54,8",49,9,open,8,1,1,0,2,5,"0,0298",0,"0,8","0,75","0,5","0,4",Yes,Unitary,Democratic,Capitalist,1
Poland,Republic of Poland,2026,42026,Europe,312696,0,10498000,river-based,temperate soils,1,plains,Continental,No dry season,Warm summer,"54,8",49,9,open,8,1,1,0,2,5,"0,0298",0,"0,8","0,75","0,5","0,4",Yes,Unitary,Democratic,Social Capitalism,2
France,Kingdom of France,1023,51023,Europe,150000,0,10498000,river-based,temperate soils,1,plains,Temperate,No dry season,Warm summer,51,43,6,open,5,1,1,0,1,3,"0,0143",0,"0,6","0,65","0,55","0,31",Yes,Unitary,Absolute,Agrarian,1
France,Duchy of Normandy,1023,51023,Europe,30000,0,10498000,river-based,temperate soils,1,plains,Temperate,No dry season,Warm summer,"49,7","48,3",4,sea,3,1,0,0,0,3,"0,0029",0,"0,6","0,65","0,55","0,31",No,Unitary,Absolute,Agrarian,2
France,Duchy of Aquitaine,1023,51023,Europe,80000,0,10498000,inland,temperate soils,1,plains,Temperate,No dry season,Warm summer,"46,5",43,5,open,4,1,0,0,1,3,"0,0076",0,"0,6","0,65","0,55","0,31",No,Unitary,Absolute,Agrarian,2
France,Kingdom of France,1094,51094,Europe,150000,0,10498000,river-based,temperate soils,1,plains,Temperate,No dry season,Warm summer,51,43,6,open,5,1,1,0,1,3,"0,0143",0,"0,6","0,65","0,55","0,31",Yes,Unitary,Absolute,Agrarian,1
France,Duchy of Normandy,1094,51094,Europe,30000,0,10498000,river-based,temperate soils,1,plains,Temperate,No dry season,Warm summer,"49,7","48,3",4,sea,3,1,0,0,0,3,"0,0029",0,"0,6","0,65","0,55","0,31",No,Unitary,Absolute,Agrarian,2
France,Duchy of Aquitaine,1094,51094,Europe,80000,0,10498000,inland,temperate soils,1,plains,Temperate,No dry season,Warm summer,"46,5",43,5,open,4,1,0,0,1,3,"0,0076",0,"0,6","0,65","0,55","0,31",No,Unitary,Absolute,Agrarian,2
France,Kingdom of France,1138,51138,Europe,250000,0,10498000,river-based,temperate soils,1,plains,Temperate,No dry season,Warm summer,51,43,8,open,6,1,1,0,2,4,"0,0238",0,"0,6","0,65","0,55","0,31",Yes,Unitary,Absolute,Agrarian,1
France,Kingdom of France,1166,51166,Europe,150000,0,10498000,river-based,temperate soils,1,plains,Temperate,No dry season,Warm summer,51,45,5,open,4,0,1,0,1,3,"0,0143",0,"0,6","0,65","0,55","0,31",Yes,Unitary,Absolute,Agrarian,1
France,Kingdom of England,1166,51166,Europe,350000,0,10498000,river-based,temperate soils,1,plains,Temperate,No dry season,Warm summer,"55,8",43,8,sea,4,3,1,0,1,3,"0,0333",0,"0,6","0,65","0,55","0,31",Yes,Unitary,Restricted,Agrarian,2
France,Kingdom of France,1238,51238,Europe,350000,0,10498000,river-based,temperate soils,1,plains,Temperate,No dry season,Warm summer,51,"41,3",9,open,7,2,1,0,2,4,"0,0333",0,"0,6","0,65","0,55","0,31",Yes,Unitary,Absolute,Agrarian,2
France,Kingdom of France,1274,51274,Europe,400000,0,10498000,river-based,temperate soils,1,plains,Temperate,No dry season,Warm summer,51,"41,3",10,sea,8,2,1,0,3,4,"0,0381",0,"0,6","0,65","0,55","0,31",Yes,Unitary,Absolute,Agrarian,2
France,Kingdom of France,1346,51346,Europe,380000,0,10498000,river-based,temperate soils,1,plains,Temperate,No dry season,Warm summer,51,"41,3",10,sea,8,2,1,0,3,4,"0,0362",0,"0,6","0,65","0,55","0,31",Yes,Unitary,Absolute,Agrarian,1
France,Kingdom of England,1346,51346,Europe,180000,0,10498000,river-based,temperate soils,1,plains,Temperate,No dry season,Warm summer,"55,8",43,6,sea,3,2,1,0,0,3,"0,0171",0,"0,6","0,65","0,55","0,31",Yes,Unitary,Restricted,Mercantile,2
France,Kingdom of France,1381,51381,Europe,400000,0,10498000,river-based,temperate soils,1,plains,Temperate,No dry season,Warm summer,51,"41,3",10,sea,8,2,1,0,3,4,"0,0381",0,"0,6","0,65","0,55","0,31",Yes,Unitary,Absolute,Agrarian,1
France,Kingdom of England,1381,51381,Europe,160000,0,10498000,river-based,temperate soils,1,plains,Temperate,No dry season,Warm summer,"55,8",44,6,sea,3,2,1,0,0,3,"0,0152",0,"0,6","0,65","0,55","0,31",Yes,Unitary,Restricted,Mercantile,1
France,Kingdom of France,1561,51561,Europe,500000,0,10498000,river-based,temperate soils,1,plains,Temperate,No dry season,Warm summer,51,"41,3",10,sea,8,2,1,0,3,4,"0,0476",0,"0,6","0,65","0,55","0,31",Yes,Unitary,Absolute,Agrarian,2
England,Kingdom of England,1023,41023,Europe,130279,0,10498000,river-based,temperate soils,2,archipelagic,Temperate,No dry season,Warm summer,60.8,49.9,3,sea,2,1,0,0,1,1,0.01241,0.0,0.85,0.9,0.95,0.4,Yes,Unitary,Absolute,Agrarian,1
England,Kingdom of England,1094,41094,Europe,130279,30000,10498000,river-based,temperate soils,2,archipelagic,Temperate,No dry season,Warm summer,60.8,49.9,4,sea,3,1,0,0,1,2,0.01241,0.230275,0.85,0.9,0.95,0.38,Yes,Unitary,Absolute,Agrarian,1
England,Kingdom of England,1138,41138,Europe,130279,30000,10498000,river-based,temperate soils,2,archipelagic,Temperate,No dry season,Warm summer,60.8,49.9,4,sea,3,1,0,0,1,2,0.01241,0.230275,0.85,0.9,0.95,0.35,Yes,Unitary,Absolute,Agrarian,1
England,Kingdom of England,1166,41166,Europe,130279,150000,10498000,river-based,temperate soils,2,archipelagic,Temperate,No dry season,Warm summer,60.8,49.9,4,sea,3,1,0,0,1,2,0.01241,1.151375,0.85,0.9,0.95,0.35,Yes,Unitary,Absolute,Agrarian,1
England,Kingdom of England,1238,41238,Europe,151000,10000,10498000,river-based,temperate soils,2,archipelagic,Temperate,No dry season,Warm summer,60.8,49.9,4,sea,2,1,0,0,1,2,0.014384,0.066225,0.85,0.9,0.95,0.3,Yes,Unitary,Restricted,Agrarian,1
England,Kingdom of England,1274,41274,Europe,151000,10000,10498000,river-based,temperate soils,2,archipelagic,Temperate,No dry season,Warm summer,60.8,49.9,4,sea,2,1,0,0,1,2,0.014384,0.066225,0.85,0.9,0.95,0.3,Yes,Unitary,Restricted,Agrarian,1
England,Kingdom of England,1346,41346,Europe,151000,84000,10498000,river-based,temperate soils,2,archipelagic,Temperate,No dry season,Warm summer,60.8,49.9,4,sea,2,1,0,0,1,2,0.014384,0.556291,0.85,0.9,0.95,0.28,Yes,Unitary,Restricted,Agrarian,1
England,Kingdom of England,1381,41381,Europe,151000,84000,10498000,river-based,temperate soils,2,archipelagic,Temperate,No dry season,Warm summer,60.8,49.9,4,sea,2,1,0,0,1,2,0.014384,0.556291,0.85,0.9,0.95,0.25,Yes,Unitary,Restricted,Agrarian,1
England,Kingdom of England,1488,41488,Europe,151000,4000,10498000,river-based,temperate soils,2,archipelagic,Temperate,No dry season,Warm summer,60.8,49.9,4,sea,2,1,0,0,1,2,0.014384,0.02649,0.85,0.9,0.95,0.2,Yes,Unitary,Restricted,Agrarian,1
England,Kingdom of England,1561,41561,Europe,151000,84000,10498000,river-based,temperate soils,2,archipelagic,Temperate,No dry season,Warm summer,60.8,49.9,2,sea,1,1,0,0,0,1,0.014384,0.556291,0.85,0.9,0.95,0.18,Yes,Unitary,Restricted,Mercantile,2
England,Kingdom of England,1596,41596,Europe,235000,0,10498000,river-based,temperate soils,2,archipelagic,Temperate,No dry season,Warm summer,60.8,49.9,2,sea,1,1,0,0,0,1,0.022385,0.0,0.85,0.9,0.95,0.17,Yes,Unitary,Restricted,Mercantile,2
England,Kingdom of England,1632,41632,Europe,235000,1000,10498000,river-based,temperate soils,2,archipelagic,Temperate,No dry season,Warm summer,60.8,49.9,2,sea,1,1,0,0,0,1,0.022385,0.004255,0.85,0.9,0.95,0.16,Yes,Unitary,Restricted,Mercantile,2
England,Kingdom of England,1669,41669,Europe,235000,50000,10498000,river-based,temperate soils,2,archipelagic,Temperate,No dry season,Warm summer,60.8,49.9,2,sea,1,1,0,0,0,1,0.022385,0.212766,0.85,0.9,0.95,0.16,Yes,Unitary,Restricted,Mercantile,2
England,Kingdom of England,1705,41705,Europe,235000,100000,10498000,river-based,temperate soils,2,archipelagic,Temperate,No dry season,Warm summer,60.8,49.9,2,sea,1,1,0,0,0,1,0.022385,0.425532,0.85,0.9,0.95,0.16,Yes,Unitary,Restricted,Mercantile,2
England,Kingdom of Great Britain,1740,41740,Europe,315000,1500000,10498000,river-based,temperate soils,2,archipelagic,Temperate,No dry season,Warm summer,60.8,49.9,1,sea,0,1,0,0,0,0,0.030006,4.761905,0.85,0.9,0.95,0.16,Yes,Unitary,Restricted,Mercantile,2
England,United Kingdom of Great Britain and Ireland,1848,41848,Europe,315000,20000000,10498000,river-based,temperate soils,2,archipelagic,Temperate,No dry season,Warm summer,60.8,49.9,1,sea,0,1,0,0,0,0,0.030006,63.492063,0.85,0.9,0.95,0.151,Yes,Unitary,Restricted,Capitalist,3
England,United Kingdom of Great Britain and Ireland,1884,41884,Europe,315000,30000000,10498000,river-based,temperate soils,2,archipelagic,Temperate,No dry season,Warm summer,60.8,49.9,1,sea,0,1,0,0,0,0,0.030006,95.238095,0.85,0.9,0.95,0.151,Yes,Unitary,Democratic,Capitalist,3
England,United Kingdom of Great Britain and Ireland,1919,41919,Europe,315000,35500000,10498000,river-based,temperate soils,2,archipelagic,Temperate,No dry season,Warm summer,60.8,49.9,1,sea,0,1,0,0,0,0,0.030006,112.698413,0.85,0.9,0.95,0.151,Yes,Unitary,Democratic,Capitalist,3
England,United Kingdom of Great Britain and Northern Ireland,1991,41991,Europe,242495,1727,10498000,river-based,temperate soils,2,archipelagic,Temperate,No dry season,Warm summer,60.8,49.9,2,sea,1,1,0,0,0,1,0.023099,0.007122,0.85,0.9,0.95,0.151,Yes,Unitary,Democratic,Social Capitalism,3
England,United Kingdom of Great Britain and Northern Ireland,2026,42026,Europe,242495,1727,10498000,river-based,temperate soils,2,archipelagic,Temperate,No dry season,Warm summer,60.8,49.9,2,sea,1,1,0,0,0,1,0.023099,0.007122,0.85,0.9,0.95,0.151,Yes,Unitary,Democratic,Social Capitalism,3
Scotland,Kingdom of Scotland,1023,16023,Europe,77900,0,10498000,coastal,temperate soils,2,hills,Temperate,No dry season,Warm summer,"60,8","54,6",2,sea,1,1,0,0,1,0,"0,00742",0,"0,85","0,9","0,95","0,3",Yes,Unitary,Absolute,Agrarian,1
Scotland,Kingdom of Scotland,1094,16094,Europe,77900,0,10498000,coastal,temperate soils,2,hills,Temperate,No dry season,Warm summer,"60,8","54,6",2,sea,1,1,0,0,1,0,"0,00742",0,"0,85","0,9","0,95","0,3",Yes,Unitary,Absolute,Agrarian,1
Scotland,Kingdom of Scotland,1138,16138,Europe,77900,0,10498000,coastal,temperate soils,2,hills,Temperate,No dry season,Warm summer,"60,8","54,6",2,sea,1,1,0,0,1,0,"0,00742",0,"0,85","0,9","0,95","0,3",Yes,Unitary,Absolute,Agrarian,1
Scotland,Kingdom of Scotland,1166,16166,Europe,77900,0,10498000,coastal,temperate soils,2,hills,Temperate,No dry season,Warm summer,"60,8","54,6",2,sea,1,1,0,0,1,0,"0,00742",0,"0,85","0,9","0,95","0,3",Yes,Unitary,Absolute,Agrarian,1
Scotland,Kingdom of Scotland,1238,16238,Europe,77900,0,10498000,coastal,temperate soils,2,hills,Temperate,No dry season,Warm summer,"60,8","54,6",2,sea,1,1,0,0,1,0,"0,00742",0,"0,85","0,9","0,95","0,3",Yes,Unitary,Restricted,Agrarian,1
Scotland,Kingdom of Scotland,1274,16274,Europe,77900,0,10498000,coastal,temperate soils,2,hills,Temperate,No dry season,Warm summer,"60,8","54,6",2,sea,1,1,0,0,1,0,"0,00742",0,"0,85","0,9","0,95","0,3",Yes,Unitary,Restricted,Agrarian,1
Scotland,Kingdom of Scotland,1346,16346,Europe,77900,0,10498000,coastal,temperate soils,2,hills,Temperate,No dry season,Warm summer,"60,8","54,6",2,sea,1,1,0,0,1,0,"0,00742",0,"0,85","0,9","0,95","0,3",Yes,Unitary,Restricted,Agrarian,1
Scotland,Kingdom of Scotland,1381,16381,Europe,77900,0,10498000,coastal,temperate soils,2,hills,Temperate,No dry season,Warm summer,"60,8","54,6",2,sea,1,1,0,0,1,0,"0,00742",0,"0,85","0,9","0,95","0,3",Yes,Unitary,Restricted,Agrarian,1
Scotland,Kingdom of Scotland,1416,16416,Europe,77900,0,10498000,coastal,temperate soils,2,hills,Temperate,No dry season,Warm summer,"60,8","54,6",2,sea,1,1,0,0,1,0,"0,00742",0,"0,85","0,9","0,95","0,3",Yes,Unitary,Restricted,Agrarian,1
Scotland,Kingdom of Scotland,1488,16488,Europe,77900,0,10498000,coastal,temperate soils,2,hills,Temperate,No dry season,Warm summer,"60,8","54,6",2,sea,1,1,0,0,1,0,"0,00742",0,"0,85","0,9","0,95","0,3",Yes,Unitary,Restricted,Agrarian,1
Scotland,Kingdom of Scotland,1561,16561,Europe,77900,0,10498000,coastal,temperate soils,2,hills,Temperate,No dry season,Warm summer,"60,8","54,6",2,sea,1,1,0,0,1,0,"0,00742",0,"0,85","0,9","0,95","0,151",Yes,Unitary,Restricted,Mercantile,2
Scotland,Kingdom of Scotland,1596,16596,Europe,77900,0,10498000,coastal,temperate soils,2,hills,Temperate,No dry season,Warm summer,"60,8","54,6",2,sea,1,1,0,0,1,0,"0,00742",0,"0,85","0,9","0,95","0,151",Yes,Unitary,Restricted,Mercantile,2
Scotland,Kingdom of Scotland,1632,16632,Europe,77900,0,10498000,coastal,temperate soils,2,hills,Temperate,No dry season,Warm summer,"60,8","54,6",2,sea,1,1,0,0,1,0,"0,00742",0,"0,85","0,9","0,95","0,151",Yes,Unitary,Restricted,Mercantile,2
Scotland,Kingdom of Scotland,1669,16669,Europe,77900,0,10498000,coastal,temperate soils,2,hills,Temperate,No dry season,Warm summer,"60,8","54,6",2,sea,1,1,0,0,1,0,"0,00742",0,"0,85","0,9","0,95","0,151",Yes,Unitary,Restricted,Mercantile,2
Scotland,Kingdom of Scotland,1705,16705,Europe,77900,0,10498000,coastal,temperate soils,2,hills,Temperate,No dry season,Warm summer,"60,8","54,6",2,sea,1,1,0,0,1,0,"0,00742",0,"0,85","0,9","0,95","0,151",Yes,Unitary,Restricted,Mercantile,2
Scotland,Scotland,2026,17026,Europe,77900,0,10498000,coastal,temperate soils,2,hills,Temperate,No dry season,Warm summer,"60,8","54,6",2,sea,1,1,0,0,1,0,"0,00742",0,"0,85","0,9","0,95","0,151",No,Unitary,Democratic,Social Capitalism,3
Wales,Principality of Wales,1023,34023,Europe,20779,0,10498000,coastal,temperate soils,2,hills,Temperate,No dry season,Warm summer,"53,4","51,3",2,sea,1,1,0,0,0,1,"0,001979",0,"0,85","0,9","0,95","0,35",Yes,Unitary,Absolute,Agrarian,1
Wales,Principality of Wales,1094,34094,Europe,20779,0,10498000,coastal,temperate soils,2,hills,Temperate,No dry season,Warm summer,"53,4","51,3",2,sea,1,1,0,0,0,1,"0,001979",0,"0,85","0,9","0,95","0,35",Yes,Unitary,Absolute,Agrarian,1
Wales,Principality of Wales,1138,34138,Europe,20779,0,10498000,coastal,temperate soils,2,hills,Temperate,No dry season,Warm summer,"53,4","51,3",2,sea,1,1,0,0,0,1,"0,001979",0,"0,85","0,9","0,95","0,35",Yes,Unitary,Absolute,Agrarian,1
Wales,Principality of Wales,1166,34166,Europe,20779,0,10498000,coastal,temperate soils,2,hills,Temperate,No dry season,Warm summer,"53,4","51,3",2,sea,1,1,0,0,0,1,"0,001979",0,"0,85","0,9","0,95","0,35",Yes,Unitary,Absolute,Agrarian,1
Wales,Principality of Wales,1238,34238,Europe,20779,0,10498000,coastal,temperate soils,2,hills,Temperate,No dry season,Warm summer,"53,4","51,3",2,sea,1,1,0,0,0,1,"0,001979",0,"0,85","0,9","0,95","0,35",Yes,Unitary,Absolute,Agrarian,1
Wales,Principality of Wales,1274,34274,Europe,20779,0,10498000,coastal,temperate soils,2,hills,Temperate,No dry season,Warm summer,"53,4","51,3",2,sea,1,1,0,0,0,1,"0,001979",0,"0,85","0,9","0,95","0,35",Yes,Unitary,Absolute,Agrarian,1
Wales,Principality of Wales,1346,34346,Europe,20779,0,10498000,coastal,temperate soils,2,hills,Temperate,No dry season,Warm summer,"53,4","51,3",2,sea,1,1,0,0,0,1,"0,001979",0,"0,85","0,9","0,95","0,25",No,Unitary,Restricted,Agrarian,1
Wales,Principality of Wales,1381,34381,Europe,20779,0,10498000,coastal,temperate soils,2,hills,Temperate,No dry season,Warm summer,"53,4","51,3",2,sea,1,1,0,0,0,1,"0,001979",0,"0,85","0,9","0,95","0,25",No,Unitary,Restricted,Agrarian,1
Wales,Principality of Wales,1416,34416,Europe,20779,0,10498000,coastal,temperate soils,2,hills,Temperate,No dry season,Warm summer,"53,4","51,3",2,sea,1,1,0,0,0,1,"0,001979",0,"0,85","0,9","0,95","0,25",No,Unitary,Restricted,Agrarian,1
Wales,Principality of Wales,1488,34488,Europe,20779,0,10498000,coastal,temperate soils,2,hills,Temperate,No dry season,Warm summer,"53,4","51,3",2,sea,1,1,0,0,0,1,"0,001979",0,"0,85","0,9","0,95","0,25",No,Unitary,Restricted,Agrarian,1
Wales,Wales,2026,35026,Europe,20779,0,10498000,coastal,temperate soils,2,hills,Temperate,No dry season,Warm summer,"53,4","51,3",2,sea,1,1,0,0,0,1,"0,001979",0,"0,85","0,9","0,95","0,151",No,Unitary,Democratic,Social Capitalism,2
Ireland,High Kingdom of Ireland,1023,13523,Europe,84421,0,10498000,inland,temperate soils,1,plains,Temperate,No dry season,Warm summer,"55,4","51,4",1,sea,0,1,0,0,0,0,"0,008042",0,"0,85","0,9","0,95","0,35",Yes,Unitary,Absolute,Agrarian,1
Ireland,High Kingdom of Ireland,1094,13594,Europe,84421,0,10498000,inland,temperate soils,1,plains,Temperate,No dry season,Warm summer,"55,4","51,4",1,sea,0,1,0,0,0,0,"0,008042",0,"0,85","0,9","0,95","0,35",Yes,Unitary,Absolute,Agrarian,1
Ireland,High Kingdom of Ireland,1138,13638,Europe,84421,0,10498000,inland,temperate soils,1,plains,Temperate,No dry season,Warm summer,"55,4","51,4",1,sea,0,1,0,0,0,0,"0,008042",0,"0,85","0,9","0,95","0,35",Yes,Unitary,Absolute,Agrarian,1
Ireland,Lordship of Ireland,1166,13666,Europe,84421,0,10498000,coastal,temperate soils,1,plains,Temperate,No dry season,Warm summer,"55,4","51,4",1,sea,0,1,0,0,0,0,"0,008042",0,"0,85","0,9","0,95","0,25",No,Unitary,Restricted,Agrarian,1
Ireland,Lordship of Ireland,1238,13738,Europe,84421,0,10498000,coastal,temperate soils,1,plains,Temperate,No dry season,Warm summer,"55,4","51,4",1,sea,0,1,0,0,0,0,"0,008042",0,"0,85","0,9","0,95","0,25",No,Unitary,Restricted,Agrarian,1
Ireland,Lordship of Ireland,1274,13774,Europe,84421,0,10498000,coastal,temperate soils,1,plains,Temperate,No dry season,Warm summer,"55,4","51,4",1,sea,0,1,0,0,0,0,"0,008042",0,"0,85","0,9","0,95","0,25",No,Unitary,Restricted,Agrarian,1
Ireland,Lordship of Ireland,1346,13846,Europe,84421,0,10498000,coastal,temperate soils,1,plains,Temperate,No dry season,Warm summer,"55,4","51,4",1,sea,0,1,0,0,0,0,"0,008042",0,"0,85","0,9","0,95","0,25",No,Unitary,Restricted,Agrarian,1
Ireland,Lordship of Ireland,1381,13881,Europe,84421,0,10498000,coastal,temperate soils,1,plains,Temperate,No dry season,Warm summer,"55,4","51,4",1,sea,0,1,0,0,0,0,"0,008042",0,"0,85","0,9","0,95","0,25",No,Unitary,Restricted,Agrarian,1
Ireland,Lordship of Ireland,1416,13916,Europe,84421,0,10498000,coastal,temperate soils,1,plains,Temperate,No dry season,Warm summer,"55,4","51,4",1,sea,0,1,0,0,0,0,"0,008042",0,"0,85","0,9","0,95","0,25",No,Unitary,Restricted,Agrarian,1
Ireland,Lordship of Ireland,1488,13988,Europe,84421,0,10498000,coastal,temperate soils,1,plains,Temperate,No dry season,Warm summer,"55,4","51,4",1,sea,0,1,0,0,0,0,"0,008042",0,"0,85","0,9","0,95","0,25",No,Unitary,Restricted,Agrarian,1
Ireland,Kingdom of Ireland,1561,14061,Europe,84421,0,10498000,coastal,temperate soils,1,plains,Temperate,No dry season,Warm summer,"55,4","51,4",1,sea,0,1,0,0,0,0,"0,008042",0,"0,85","0,9","0,95","0,151",No,Unitary,Restricted,Agrarian,1
Ireland,Kingdom of Ireland,1596,14096,Europe,84421,0,10498000,coastal,temperate soils,1,plains,Temperate,No dry season,Warm summer,"55,4","51,4",1,sea,0,1,0,0,0,0,"0,008042",0,"0,85","0,9","0,95","0,151",No,Unitary,Restricted,Agrarian,1
Ireland,Kingdom of Ireland,1632,14132,Europe,84421,0,10498000,coastal,temperate soils,1,plains,Temperate,No dry season,Warm summer,"55,4","51,4",1,sea,0,1,0,0,0,0,"0,008042",0,"0,85","0,9","0,95","0,151",No,Unitary,Restricted,Agrarian,1
Ireland,Kingdom of Ireland,1669,14169,Europe,84421,0,10498000,coastal,temperate soils,1,plains,Temperate,No dry season,Warm summer,"55,4","51,4",1,sea,0,1,0,0,0,0,"0,008042",0,"0,85","0,9","0,95","0,151",No,Unitary,Restricted,Agrarian,1
Ireland,Kingdom of Ireland,1705,14205,Europe,84421,0,10498000,coastal,temperate soils,1,plains,Temperate,No dry season,Warm summer,"55,4","51,4",1,sea,0,1,0,0,0,0,"0,008042",0,"0,85","0,9","0,95","0,151",No,Unitary,Restricted,Agrarian,1
Ireland,Kingdom of Ireland,1740,14240,Europe,84421,0,10498000,coastal,temperate soils,1,plains,Temperate,No dry season,Warm summer,"55,4","51,4",1,sea,0,1,0,0,0,0,"0,008042",0,"0,85","0,9","0,95","0,151",No,Unitary,Restricted,Agrarian,1
Ireland,Republic of Ireland,1991,14491,Europe,70273,0,10498000,coastal,temperate soils,1,plains,Temperate,No dry season,Warm summer,"55,4","51,4",2,sea,1,1,0,0,0,1,"0,006694",0,"0,85","0,9","0,95","0,151",Yes,Unitary,Democratic,Capitalist,2
Ireland,Republic of Ireland,2026,14526,Europe,70273,0,10498000,coastal,temperate soils,1,plains,Temperate,No dry season,Warm summer,"55,4","51,4",2,sea,1,1,0,0,0,1,"0,006694",0,"0,85","0,9","0,95","0,151",Yes,Unitary,Democratic,Social Capitalism,3
Northern Ireland,Northern Ireland,1991,14491,Europe,14130,0,10498000,coastal,temperate soils,1,hills,Temperate,No dry season,Warm summer,"55,3",54,2,sea,1,1,0,0,0,1,"0,001346",0,"0,85","0,9","0,95","0,151",No,Unitary,Democratic,Social Capitalism,2
Northern Ireland,Northern Ireland,2026,14526,Europe,14130,0,10498000,coastal,temperate soils,1,hills,Temperate,No dry season,Warm summer,"55,3",54,2,sea,1,1,0,0,0,1,"0,001346",0,"0,85","0,9","0,95","0,151",No,Unitary,Democratic,Social Capitalism,3
China,Song Dynasty,1023,81023,Asia,2500000,0,44261000,inland,riverlands,2,plains,Temperate,No dry season,Hot summer,40,21,7,open_borders,4,1,1,1,1,3,"0,0565",0,"0,65","0,7","0,45","0,35",Yes,Unitary,Absolute,Agrarian,2
China,Liao Dynasty,1023,81023,Asia,1500000,0,44261000,central,temperate soils,1,plains,Continental,Dry winter,Warm summer,52,38,6,open_borders,4,1,1,1,1,2,"0,0339",0,"0,7","0,6","0,5","0,4",Yes,Unitary,Absolute,Agrarian,1
China,Song Dynasty,1094,81094,Asia,2500000,0,44261000,inland,riverlands,2,plains,Temperate,No dry season,Hot summer,40,21,7,open_borders,4,1,1,1,1,3,"0,0565",0,"0,65","0,7","0,45","0,33",Yes,Unitary,Absolute,Agrarian,2
China,Liao Dynasty,1094,81094,Asia,1500000,0,44261000,central,temperate soils,1,plains,Continental,Dry winter,Warm summer,52,38,6,open_borders,4,1,1,1,1,2,"0,0339",0,"0,7","0,6","0,5","0,38",Yes,Unitary,Absolute,Agrarian,1
China,Southern Song Dynasty,1138,81138,Asia,2000000,0,44261000,coastal,riverlands,2,hills,Temperate,No dry season,Hot summer,34,21,6,sea_borders,3,1,1,0,2,2,"0,0452",0,"0,55","0,6","0,55","0,45",Yes,Unitary,Absolute,Mercantile,2
China,Jin Dynasty,1138,81138,Asia,2300000,0,44261000,central,temperate soils,2,plains,Continental,Dry winter,Warm summer,50,33,7,open_borders,4,1,2,1,1,2,"0,052",0,"0,65","0,75","0,4","0,3",Yes,Unitary,Absolute,Agrarian,1
China,Southern Song Dynasty,1166,81166,Asia,2000000,0,44261000,coastal,riverlands,2,hills,Temperate,No dry season,Hot summer,34,21,6,sea_borders,3,1,1,0,2,2,"0,0452",0,"0,55","0,6","0,55","0,43",Yes,Unitary,Absolute,Mercantile,2
China,Jin Dynasty,1166,81166,Asia,2300000,0,44261000,central,temperate soils,2,plains,Continental,Dry winter,Warm summer,50,33,7,open_borders,4,1,2,1,1,2,"0,052",0,"0,65","0,75","0,4","0,28",Yes,Unitary,Absolute,Agrarian,1
China,Southern Song Dynasty,1238,81238,Asia,2000000,0,44261000,coastal,riverlands,2,hills,Temperate,No dry season,Hot summer,34,21,6,sea_borders,3,1,1,0,2,2,"0,0452",0,"0,55","0,6","0,55","0,4",Yes,Unitary,Absolute,Mercantile,2
China,Mongol Empire,1238,81238,Asia,15000000,0,44261000,inland,arid soils,2,plains,Dry,Semi-arid steppe,Cold,55,33,12,open_borders,8,2,2,2,2,4,"0,3389",0,"0,45","0,8","0,6","0,1",Yes,Federal,Absolute,Agrarian,1
China,Yuan Dynasty,1274,81274,Asia,11000000,0,44261000,central,temperate soils,2,plains,Continental,Dry winter,Warm summer,55,20,12,open_borders,6,2,1,2,3,4,"0,2485",0,"0,5","0,65","0,45","0,15",Yes,Unitary,Absolute,Agrarian,2
China,Yuan Dynasty,1346,81346,Asia,11000000,0,44261000,central,temperate soils,2,plains,Continental,Dry winter,Warm summer,55,20,12,open_borders,6,2,1,2,3,4,"0,2485",0,"0,5","0,65","0,45","0,14",Yes,Unitary,Absolute,Agrarian,1
China,Ming Dynasty,1381,81381,Asia,4500000,0,44261000,river-based,riverlands,2,plains,Temperate,No dry season,Hot summer,42,18,8,sea_borders,5,1,1,1,3,2,"0,1017",0,"0,6","0,55","0,4","0,35",Yes,Unitary,Absolute,Agrarian,2
China,Ming Dynasty,1416,81416,Asia,5000000,0,44261000,central,riverlands,2,plains,Temperate,No dry season,Hot summer,48,18,9,sea_borders,5,1,1,2,3,2,"0,113",0,"0,55","0,55","0,38","0,32",Yes,Unitary,Absolute,Agrarian,2
China,Ming Dynasty,1488,81488,Asia,4500000,0,44261000,central,riverlands,2,plains,Temperate,No dry season,Hot summer,42,18,8,sea_borders,5,1,1,1,3,2,"0,1017",0,"0,6","0,55","0,4","0,3",Yes,Unitary,Absolute,Agrarian,2
China,Ming Dynasty,1561,81561,Asia,4500000,0,44261000,central,riverlands,2,plains,Temperate,No dry season,Hot summer,42,18,8,sea_borders,5,1,1,1,3,2,"0,1017",0,"0,6","0,55","0,4","0,28",Yes,Unitary,Absolute,Agrarian,2
China,Ming Dynasty,1596,81596,Asia,4500000,0,44261000,central,riverlands,2,plains,Temperate,No dry season,Hot summer,42,18,8,sea_borders,5,1,1,1,3,2,"0,1017",0,"0,6","0,55","0,4","0,27",Yes,Unitary,Absolute,Agrarian,1
China,Ming Dynasty,1632,81632,Asia,3500000,0,44261000,central,riverlands,2,plains,Temperate,No dry season,Hot summer,40,18,8,sea_borders,4,1,1,1,3,2,"0,0791",0,"0,65","0,55","0,42","0,25",Yes,Unitary,Absolute,Agrarian,1
China,Later Jin,1632,81632,Asia,2000000,0,44261000,inland,temperate soils,2,hills,Continental,Dry winter,Warm summer,52,40,5,open_borders,3,1,1,0,1,2,"0,0452",0,"0,7","0,6","0,5","0,45",Yes,Unitary,Absolute,Agrarian,0
China,Qing Dynasty,1669,81669,Asia,10000000,0,44261000,central,temperate soils,2,plains,Continental,Dry winter,Warm summer,53,18,12,open_borders,7,2,2,2,3,3,"0,2259",0,"0,55","0,5","0,35","0,25",Yes,Unitary,Absolute,Agrarian,2
China,Qing Dynasty,1705,81705,Asia,11000000,0,44261000,central,temperate soils,2,plains,Continental,Dry winter,Warm summer,53,18,14,mountain_borders,8,2,2,3,4,3,"0,2485",0,"0,55","0,5","0,35","0,22",Yes,Unitary,Absolute,Agrarian,2
China,Qing Dynasty,1740,81740,Asia,13000000,0,44261000,central,temperate soils,2,plains,Continental,Dry winter,Warm summer,53,18,16,mountain_borders,10,2,2,4,5,3,"0,2937",0,"0,5","0,5","0,3","0,2",Yes,Unitary,Absolute,Agrarian,3
China,Qing Dynasty,1848,81848,Asia,12500000,0,44261000,central,temperate soils,2,plains,Continental,Dry winter,Warm summer,53,18,16,mountain_borders,10,2,2,4,5,3,"0,2824",0,"0,5","0,5","0,3","0,15",Yes,Unitary,Absolute,Agrarian,0
China,Qing Dynasty,1884,81884,Asia,11500000,0,44261000,central,temperate soils,2,plains,Continental,Dry winter,Warm summer,53,18,16,mountain_borders,10,2,2,4,5,3,"0,2598",0,"0,5","0,5","0,32","0,12",Yes,Unitary,Absolute,Agrarian,0
China,Zhili Clique,1919,81919,Asia,2500000,0,44261000,central,riverlands,2,plains,Temperate,No dry season,Hot summer,40,28,6,open_borders,4,1,1,0,1,3,"0,0565",0,"0,7","0,8","0,5","0,1",Yes,Unitary,Restricted,Agrarian,0
China,Fengtian Clique,1919,81919,Asia,1200000,0,44261000,inland,temperate soils,2,plains,Continental,Dry winter,Warm summer,53,38,5,water_borders,3,1,2,0,1,1,"0,0271",0,"0,75","0,7","0,45","0,3",Yes,Unitary,Restricted,Agrarian,0
China,Anhui Clique,1919,81919,Asia,1000000,0,44261000,central on a river,temperate soils,1,hills,Temperate,No dry season,Hot summer,38,26,4,open_borders,3,1,0,0,1,2,"0,0226",0,"0,6","0,5","0,6","0,15",Yes,Unitary,Restricted,Agrarian,0
China,Guangzhou Military Government,1919,81919,Asia,1500000,0,44261000,coastal,tropical soils,1,hills,Tropical,Monsoon,Monsoon,28,18,5,mountain_borders,3,1,0,0,2,2,"0,0339",0,"0,6","0,7","0,5","0,4",Yes,Unitary,Restricted,Agrarian,0
China,People's Republic of China,1991,81991,Asia,9596960,0,44261000,central,temperate soils,2,hills,Temperate,Dry winter,Hot summer,53,18,16,mountain_borders,14,1,3,2,6,4,"0,2168",0,"0,45","0,4","0,35","0,16",Yes,Central/Command,Absolute,Socialist,1
China,People's Republic of China,2026,82026,Asia,9596960,0,44261000,central,temperate soils,2,hills,Temperate,Dry winter,Hot summer,53,18,16,mountain_borders,14,1,3,2,6,4,"0,2168",0,"0,45","0,4","0,35","0,24",Yes,Unitary,Absolute,Capitalist,2
United States,New Spain,1561,22561,North America,1500000,0,24709000,coastal,arid soils,2,hills,Dry,Arid desert,Hot,35.0000,25.0000,4,desert,1,1,0,2,0,1,0.0607,0.0000,0.6000,0.5000,0.4500,0.1500,No,Unitary,Absolute,Mercantile,1
Spain,Spanish Empire,1561,43561,North America,505990,1500000,24709000,central,temperate soils,1,plateaus,Temperate,Dry summer,Hot summer,43.7000,36.0000,4,sea,2,2,0,0,1,1,0.0205,2.9645,0.5000,0.6000,0.5000,0.3000,Yes,Unitary,Absolute,Mercantile,2
United States,New Spain,1596,22596,North America,1800000,0,24709000,coastal,arid soils,2,hills,Dry,Arid desert,Hot,35.0000,25.0000,4,desert,1,1,0,2,0,1,0.0728,0.0000,0.6000,0.5000,0.4500,0.1500,No,Unitary,Absolute,Mercantile,1
Spain,Spanish Empire,1596,43596,North America,505990,1800000,24709000,central,temperate soils,1,plateaus,Temperate,Dry summer,Hot summer,43.7000,36.0000,4,sea,2,2,0,0,1,1,0.0205,3.5574,0.5000,0.6000,0.5000,0.3000,Yes,Unitary,Absolute,Mercantile,2
United States,Iroquois Confederacy,1596,22596,North America,250000,0,24709000,river-based,temperate soils,1,hills,Continental,No dry season,Warm summer,44.0000,41.0000,3,open,2,0,1,0,0,2,0.0101,0.0000,0.8000,0.7000,0.5000,0.8500,Yes,Federal,Democratic,Agrarian,1
United States,Thirteen Colonies,1632,22632,North America,850000,0,24709000,coastal,temperate soils,1,plains,Temperate,No dry season,Hot summer,45.0000,31.0000,5,sea,2,1,1,0,1,2,0.0344,0.0000,0.7000,0.6000,0.5000,0.8500,No,Unitary,Restricted,Mercantile,2
United States,New France,1632,22632,North America,2000000,0,24709000,river-based,temperate soils,1,plains,Continental,No dry season,Warm summer,48.0000,38.0000,5,water,2,1,2,0,0,2,0.0809,0.0000,0.6000,0.7000,0.4000,0.8000,No,Unitary,Absolute,Mercantile,1
United States,Thirteen Colonies,1669,22669,North America,850000,0,24709000,coastal,temperate soils,1,plains,Temperate,No dry season,Hot summer,45.0000,31.0000,5,sea,2,1,1,0,1,2,0.0344,0.0000,0.7000,0.6000,0.5000,0.8500,No,Unitary,Restricted,Mercantile,2
United States,New France,1669,22669,North America,2000000,0,24709000,river-based,temperate soils,1,plains,Continental,No dry season,Warm summer,48.0000,38.0000,5,water,2,1,2,0,0,2,0.0809,0.0000,0.6000,0.7000,0.4000,0.8000,No,Unitary,Absolute,Mercantile,1
United States,Thirteen Colonies,1705,22705,North America,850000,0,24709000,coastal,temperate soils,1,plains,Temperate,No dry season,Hot summer,45.0000,31.0000,5,sea,2,1,1,0,1,2,0.0344,0.0000,0.7000,0.6000,0.5000,0.8500,No,Unitary,Restricted,Mercantile,2
United States,New France,1705,22705,North America,2000000,0,24709000,river-based,temperate soils,1,plains,Continental,No dry season,Warm summer,48.0000,38.0000,5,water,2,1,2,0,0,2,0.0809,0.0000,0.6000,0.7000,0.4000,0.8000,No,Unitary,Absolute,Mercantile,1
United States,Thirteen Colonies,1740,22740,North America,850000,0,24709000,coastal,temperate soils,1,plains,Temperate,No dry season,Hot summer,45.0000,31.0000,5,sea,2,1,1,0,1,2,0.0344,0.0000,0.7000,0.6000,0.5000,0.8500,No,Unitary,Restricted,Mercantile,2
United States,New France,1740,22740,North America,2000000,0,24709000,river-based,temperate soils,1,plains,Continental,No dry season,Warm summer,48.0000,38.0000,5,water,2,1,2,0,0,2,0.0809,0.0000,0.6000,0.7000,0.4000,0.8000,No,Unitary,Absolute,Mercantile,1
United States,United States of America,1848,22848,North America,7700000,0,24709000,river-based,temperate soils,2,plains,Temperate,No dry season,Hot summer,49.0000,25.8000,10,open,2,2,2,1,2,3,0.3116,0.0000,0.4500,0.5500,0.4000,0.4500,Yes,Federal,Democratic,Capitalist,2
United States,United States of America,1884,22884,North America,7700000,0,24709000,river-based,temperate soils,2,plains,Temperate,No dry season,Hot summer,49.0000,25.8000,10,open,2,2,2,1,2,3,0.3116,0.0000,0.4500,0.5500,0.4000,0.4500,Yes,Federal,Democratic,Capitalist,3
United States,United States of America,1919,22919,North America,7700000,0,24709000,river-based,temperate soils,2,plains,Temperate,No dry season,Hot summer,49.0000,25.8000,10,open,2,2,2,1,2,3,0.3116,0.0000,0.4500,0.5500,0.4000,0.4500,Yes,Federal,Democratic,Capitalist,3
United States,United States of America,1991,22991,North America,7825268,1717856,24709000,river-based,temperate soils,2,plains,Temperate,No dry season,Hot summer,49.3800,24.5200,10,sea,2,2,2,1,2,3,0.3167,0.2195,0.4500,0.5500,0.4500,0.3300,Yes,Federal,Democratic,Capitalist,3
United States,United States of America,2026,23026,North America,7825268,1717856,24709000,river-based,temperate soils,2,plains,Temperate,No dry season,Hot summer,49.3800,24.5200,10,sea,2,2,2,1,2,3,0.3167,0.2195,0.4500,0.5500,0.4500,0.3300,Yes,Federal,Democratic,Capitalist,3