modern_country_name,country_name,year,land_size,land_size_plus,continent_size,continent_ratio,dominant_soil,soil_ratio,ore_deposit,dominant_landscape,landscape_ratio,natural_forestation_ratio,max_degree_north,max_degree_south,climate_dominant,climate_t2_dominant,climate_t3_dominant,count_boundaries,longest_border,border_ratio,country_borders,desert_borders,mountain_borders,open_borders,sea_borders,water_borders,if_independent,system_type,sub_system_type,economic_type,if_rich
Austria,Republic of Austria,2026,83 871,0,10 498 000,"0,01",Luvisols,"0,62",1,Mountains,"0,62","0,47",49,"46,3",Continental,Without dry season,Warm summer,9,mountain,"0,521",8,0,4,4,0,1,Yes,Federal,Democratic,Social Capitalism,3
Belgium,Kingdom of Belgium,2026,30 528,0,10 498 000,"0,00290798",Luvisols,"0,65",1,Plains,"0,65","0,23","51,5","49,5",Temperate,Without dry season,Warm summer,5,open,"0,955",4,0,0,4,1,0,Yes,Federal,Democratic,Social Capitalism,3
Bulgaria,Republic of Bulgaria,2026,110 994,0,10 498 000,"0,01057287",Luvisol,"0,45",1,Hills,"0,41","0,35","44,2","41,2",Temperate,Without dry season,Hot summer,7,loose,"0,7812",5,0,2,4,1,0,Yes,Unitary,Restricted,Social Capitalism,2
Croatia,Republic of Croatia,2026,56 594,0,10 498 000,"0,00539093",Luvisol,"0,54",0,Archipelagic,"0,54","0,34","46,5","42,3",Temperate,Without dry season,Hot summer,7,sea,"0,706",5,0,1,4,1,1,Yes,Unitary,Democratic,Social Capitalism,2
Cyprus,Republic of Cyprus,2026,9 251,0,10 498 000,"0,0002090101896",Luvisols,"0,5",0,Archipelagic,"0,5","0,19","35,7","34,5",Temperate,Dry summer,Hot summer,1,sea,1,0,0,0,0,1,0,Yes,Unitary,Democratic,Social Capitalism,2
Czechia,Czech Republic,2026,78866,0,10498000,"0,00751248",Luvisol,"0,7",1,Hills,"0,7","0,34",51,"48,5",Continental,Without dry season,Warm summer,4,mountain,"0,6425",4,0,3,1,0,0,Yes,Unitary,Democratic,Social Capitalism,2
Denmark,Kingdom of Denmark,2026,43094,2166086,10498000,"0,00410497",Luvisol,"0,95",0,Archipelagic,"0,95","0,15","57,7","54,5",Temperate,Without dry season,Warm summer,3,sea,"0,9908",1,0,0,1,2,0,Yes,Unitary,Democratic,Social Capitalism,3
Estonia,Republic of Estonia,2026,45227,0,10498000,"0,00430815",Luvisol,"0,8",0,Plains,"0,95","0,51","59,7","57,5",Continental,Without dry season,Cold summer,4,sea,"0,8965",2,0,0,2,1,1,Yes,Unitary,Democratic,Social Capitalism,2
Finland,Republic of Finland,2026,338424,0,10498000,"0,032237",Luvisols,"0,8",1,Plains,"0,8","0,73","70,1","59,8",Continental,Without dry season,Cold summer,5,sea,"0,6853",3,0,1,2,1,1,Yes,Unitary,Democratic,Social Capitalism,3
France,French Republic,2026,543940,89169,10498000,"0,05181368",Luvisol,"0,6",1,Plains,"0,6","0,31","51,1","41,3",Temperate,Without dry season,Warm summer,9,sea,"0,5426",8,0,4,3,1,1,Yes,Unitary,Democratic,Social Capitalism,3
Germany,Federal Republic of Germany,2026,357022,0,10498000,"0,03400857",Luvisol,"0,45",1,Hills,"0,45","0,32","55,1","47,3",Temperate,Without dry season,Warm summer,11,loose,"0,4396",9,0,2,6,2,1,Yes,Federal,Democratic,Social Capitalism,3
Greece,Hellenic Republic,2026,131957,0,10498000,"0,01256973",Luvisols,"0,8",1,Archipelagic,"0,8","0,3","41,7","34,8",Temperate,Dry summer,Hot summer,5,sea,"0,9191",4,0,2,2,1,0,Yes,Unitary,Democratic,Social Capitalism,2
Hungary,Hungary,2026,93030,0,10498000,"0,00886169",Luvisol,"0,7",1,Plains,"0,85","0,21","48,6","45,7",Continental,Without dry season,Warm summer,8,loose,1,7,0,0,7,0,1,Yes,Unitary,Restricted,Social Capitalism,2
Ireland,Ireland,2026,70273,0,10498000,"0,00669394",Luvisol,"0,75",0,Archipelagic,"0,75","0,11","55,4","51,4",Temperate,Without dry season,Warm summer,2,sea,"0,876",1,0,0,1,1,0,Yes,Unitary,Democratic,Capitalist,3
Italy,Italian Republic,2026,301340,0,10498000,"0,02870452",Luvisol,"0,4",1,Mountains,"0,4","0,32","47,1","35,5",Temperate,Dry summer,Hot summer,7,sea,"0,7973",6,0,4,2,1,0,Yes,Unitary,Democratic,Social Capitalism,2
Latvia,Republic of Latvia,2026,64589,0,10498000,"0,00615251",Luvisol,"0,8",0,Plains,"0,98","0,54","58,1","55,7",Continental,Without dry season,Warm summer,4,sea,"0,7314",4,0,0,4,1,0,Yes,Unitary,Democratic,Social Capitalism,2
Lithuania,Republic of Lithuania,2026,65300,0,10498000,"0,00622023",Luvisol,"0,8",0,Plains,"0,98","0,35","56,5","53,9",Continental,Without dry season,Warm summer,4,loose,"0,9385",4,0,0,4,1,1,Yes,Unitary,Democratic,Social Capitalism,2
Luxembourg,Grand Duchy of Luxembourg,2026,2586,0,10498000,"0,00024633",Luvisol,"0,67",0,Hills,"0,67","0,36","50,2","49,4",Temperate,Without dry season,Warm summer,3,loose,1,3,0,0,3,0,0,Yes,Unitary,Democratic,Capitalist,3
Malta,Republic of Malta,2026,316,0,10498000,"0,0000301",Luvisols,"0,8",0,Archipelagic,"0,8","0,01","36,1","35,8",Temperate,Dry summer,Hot summer,1,sea,1,0,0,0,0,1,0,Yes,Unitary,Democratic,Social Capitalism,2
Netherlands,Kingdom of the Netherlands,2026,41543,993,10498000,"0,00395723",Fluvisol,"0,85",0,Plains,"0,85","0,11","53,5","50,7",Temperate,Without dry season,Warm summer,4,sea,"0,7046",2,0,0,2,1,1,Yes,Unitary,Democratic,Social Capitalism,3
Poland,Republic of Poland,2026,312696,0,10498000,"0,02978624",Luvisol,"0,75",2,Plains,"0,75","0,31","54,8",49,Temperate,Without dry season,Warm summer,8,loose,"0,6142",7,0,2,4,1,1,Yes,Unitary,Democratic,Social Capitalism,2
Portugal,Portuguese Republic,2026,92212,3115,10498000,"0,00878377",Luvisol,"0,5",1,Hills,"0,5","0,36","42,1",37,Temperate,Dry summer,Hot summer,3,sea,"0,5962",1,0,0,1,1,1,Yes,Unitary,Democratic,Social Capitalism,2
Romania,Romania,2026,238397,0,10498000,"0,0227088",Luvisol,"0,4",1,Plains,"0,36","0,29","48,2","43,6",Continental,Without dry season,Hot summer,9,loose,"0,725",5,0,2,5,1,1,Yes,Unitary,Democratic,Social Capitalism,2
Slovakia,Slovak Republic,2026,49035,0,10498000,"0,00467089",Luvisols,"0,75",1,Mountains,"0,75","0,4","49,6","47,7",Continental,Without dry season,Warm summer,6,mountain,"0,6811",5,0,4,1,0,1,Yes,Unitary,Democratic,Social Capitalism,2
Slovenia,Republic of Slovenia,2026,20273,0,10498000,"0,00193113",Luvisols,"0,4",1,Mountains,"0,4","0,61","46,9","45,4",Temperate,Without dry season,Warm summer,6,loose,"0,9666",4,0,1,4,1,0,Yes,Unitary,Democratic,Social Capitalism,2
Spain,Kingdom of Spain,2026,505992,13327,10498000,"0,0481989",Luvisol,"0,45",1,Plateaus,"0,45","0,37","43,8",36,Temperate,Dry summer,Hot summer,7,sea,"0,7163",5,0,2,3,1,1,Yes,Unitary,Democratic,Social Capitalism,2
Sweden,Kingdom of Sweden,2026,450295,0,10498000,"0,04289341",Luvisols,"0,6",2,Plains,"0,6","0,69","69,1","55,3",Continental,Without dry season,Cold summer,3,sea,"0,5934",2,0,1,0,1,1,Yes,Unitary,Democratic,Social Capitalism,3
United Kingdom,United Kingdom,2026,242495,18000,10498000,"0,02309916",Luvisol,"0,55",1,Archipelagic,"0,55","0,13","60,8","49,9",Temperate,Without dry season,Warm summer,2,sea,"0,94",1,0,0,1,1,0,Yes,Unitary,Democratic,Capitalist,3
Norway,Kingdom of Norway,2026,385207,0,10498000,"0,03669337",Luvisols,"0,65",2,Archipelagic,"0,65","0,37","71,1","57,9",Continental,Without dry season,Cold summer (c),4,sea,"0,612",3,0,1,2,1,1,Yes,Unitary,Democratic,Social Capitalism,3
Switzerland,Swiss Confederation,2026,41285,0,10498000,"0,00393265",Luvisols,"0,6",1,Mountains,"0,6","0,32","47,8","45,8",Continental,Without dry season,Warm summer,5,mountain,"0,585",5,0,3,2,0,1,Yes,Federal,Democratic,Capitalist,3
Iceland,Republic of Iceland,2026,103000,0,10498000,"0,00981139",Luvisols,"0,7",0,Archipelagic,"0,7","0,02","66,5","63,3",Continental,Without dry season,Cold summer,1,sea,1,0,0,0,0,1,0,Yes,Unitary,Democratic,Social Capitalism,3
Ukraine,Ukraine,2026,480000,0,10498000,"0,04572299",Chernozem,"0,9",2,Plains,"0,9","0,16","52,3","44,4",Continental,Without dry season,Warm summer,8,loose,"0,72",7,0,1,6,1,1,Yes,Unitary,Restricted,Social Capitalism,1
Belarus,Republic of Belarus,2026,207600,0,10498000,"0,0197752",Luvisol,"0,95",1,Plains,"0,95","0,43","56,1","51,3",Continental,Without dry season,Warm summer,5,loose,1,5,0,0,5,0,0,Yes,Central,Absolute,Socialism,1
Moldova,Republic of Moldova,2026,33846,0,10498000,"0,00322404",Chernozem,"0,8",0,Hills,"0,8","0,12","48,4","45,4",Continental,Without dry season,Warm summer,3,loose,1,2,0,0,2,0,1,Yes,Unitary,Restricted,Social Capitalism,1
Serbia,Republic of Serbia,2026,77474,0,10498000,"0,00737988",Luvisols,"0,55",1,Mountains,"0,55","0,31","46,1","42,2",Temperate,Without dry season,Hot summer,8,loose,1,8,0,0,8,0,1,Yes,Unitary,Restricted,Social Capitalism,1
Bosnia and Herzegovina,Bosnia and Herzegovina,2026,51129,0,10498000,"0,00487036",Luvisols,"0,8",1,Mountains,"0,8","0,43","45,2","42,5",Temperate,Without dry season,Hot summer,4,mountain,"0,51",3,0,2,1,1,0,Yes,Federal,Restricted,Social Capitalism,1
Albania,Republic of Albania,2026,28748,0,10498000,"0,00273843",Luvisols,"0,7",0,Mountains,"0,7","0,28","42,6","39,6",Temperate,Dry summer,Hot summer,5,sea,"0,534",4,0,2,2,1,0,Yes,Unitary,Restricted,Social Capitalism,1
North Macedonia,Republic of North Macedonia,2026,25713,0,10498000,"0,00244932",Luvisols,"0,8",0,Mountains,"0,8","0,39","42,3","40,8",Temperate,Dry summer,Hot summer,5,loose,1,5,0,0,5,0,0,Yes,Unitary,Restricted,Social Capitalism,1
Montenegro,Montenegro,2026,13812,0,10498000,"0,00131568",Luvisols,"0,8",0,Mountains,"0,8","0,61","43,5","41,8",Temperate,Dry summer,Hot summer,6,sea,"0,47",5,0,3,2,1,1,Yes,Unitary,Restricted,Social Capitalism,1
Andorra,Principality of Andorra,2026,468,0,10498000,"0,00004458",Luvisols,1,0,Mountains,1,"0,34","42,6","42,4",Continental,Without dry season,Cold summer,2,mountain,1,2,0,2,0,0,0,Yes,Unitary,Democratic,Social Capitalism,3
Liechtenstein,Principality of Liechtenstein,2026,160,0,10498000,"0,00001524",Luvisols,"0,66",0,Mountains,"0,66","0,43","47,2",47,Continental,Without dry season,Cold summer,2,mountain,"0,52",2,0,1,1,0,1,Yes,Unitary,Democratic,Capitalist,3
Monaco,Principality of Monaco,2026,2,0,10498000,"0,00000019",Luvisols,1,0,Hills,1,0,"43,7","43,7",Temperate,Dry summer,Hot summer,2,sea,"0,51",1,0,0,1,1,0,Yes,Unitary,Democratic,Capitalist,3
San Marino,Republic of San Marino,2026,61,0,10498000,"0,00000581",Luvisols,1,0,Hills,1,"0,16","43,9","43,9",Temperate,Without dry season,Hot summer,1,loose,1,1,0,0,1,0,0,Yes,Unitary,Democratic,Social Capitalism,3
Vatican City,Vatican City State,2026,"0,44",0,10498000,"0,00000004",Luvisol,1,0,Hills,1,0,"41,9","41,9",Temperate,Dry summer,Hot summer,1,loose,1,1,0,0,1,0,0,Yes,Central,Absolute,Socialism,3
Algeria,Republic of Algeria,2026,2381741,0,30370000,"0,07842414",Aridisols,"0,85",2,Plains,"0,7","0,01","37,1","18,9",Dry,Arid desert,Hot,7,desert,"0,35",7,2,0,5,0,0,Yes,Unitary,Restricted,Mixed,1
Angola,Republic of Angola,2026,1246700,0,30370000,"0,04105038",Ferralsols,"0,6",2,Plateaus,"0,65","0,46","-4,3",-18,Tropical,"Savanna, dry winter","Savanna, dry winter",4,open,"0,42",4,0,0,2,0,0,Yes,Unitary,Restricted,Capitalist,1
Benin,Republic of Benin,2026,114763,0,30370000,"0,00377883",Luvisols,"0,5",0,Plains,"0,8","0,38","12,4","6,2",Tropical,"Savanna, dry winter","Savanna, dry winter",4,open,"0,32",4,0,0,2,0,0,Yes,Unitary,Democratic,Agrarian,0
Botswana,Republic of Botswana,2026,581730,0,30370000,"0,01915476",Arenosols,"0,7",2,Plains,"0,85","0,19","-17,7","-26,9",Dry,Semi-arid steppe,Hot,4,desert,"0,33",4,2,0,2,0,0,Yes,Unitary,Democratic,Capitalist,1
Burkina Faso,Republic of Burkina Faso,2026,274200,0,30370000,"0,00902865",Luvisols,"0,55",1,Plains,"0,75","0,19",15,"9,4",Dry,Semi-arid steppe,Hot,6,open,"0,42",6,0,0,4,0,0,Yes,Unitary,Restricted,Agrarian,0
Burundi,Republic of Burundi,2026,27834,0,30370000,"0,0009165",Ferralsols,"0,6",0,Plateaus,"0,7","0,11","-2,3","-4,4",Temperate,Dry winter,Warm summer,3,water,"0,35",3,0,0,1,0,1,Yes,Unitary,Restricted,Agrarian,0
Cabo Verde,Republic of Cabo Verde,2026,4033,0,30370000,"0,0001328",Leptosols,"0,75",0,Mountains,"0,65","0,22","17,2","14,8",Dry,Arid desert,Hot,0,sea,"0,24",0,0,0,0,2,0,Yes,Unitary,Democratic,Mixed,1
Cameroon,Republic of Cameroon,2026,475442,0,30370000,"0,01565499",Ferralsols,"0,55",1,Plateaus,"0,6","0,4",13,"1,6",Tropical,"Savanna, dry winter","Savanna, dry winter",6,open,"0,44",6,0,0,4,0,0,Yes,Unitary,Restricted,Mixed,1
Central African Republic,Republic of Central African Republic,2026,622984,0,30370000,"0,02051314",Ferralsols,"0,7",1,Plateaus,"0,65","0,35",11,"2,2",Tropical,"Savanna, dry winter","Savanna, dry winter",6,open,"0,13",6,0,0,4,0,0,Yes,Unitary,Restricted,Agrarian,0
Chad,Republic of Chad,2026,1284000,0,30370000,"0,04227856",Aridisols,"0,6",1,Plains,"0,75","0,09","23,4","7,4",Dry,Arid desert,Hot,6,desert,"0,26",6,2,0,4,0,0,Yes,Unitary,Restricted,Agrarian,0
Comoros,Republic of Comoros,2026,2235,0,30370000,"0,00007359",Leptosols,"0,8",0,Mountains,"0,7","0,15","-11,3","-12,4",Tropical,Rainforest,Rainforest,0,sea,"0,26",0,0,0,0,2,0,Yes,Federal,Restricted,Agrarian,0
CongoDR Congo,"Congo, Democratic Republic of the",2026,2344858,0,30370000,"0,07720968",Ferralsols,"0,85",3,Plains,"0,6","0,65","5,3","-13,4",Tropical,Rainforest,Rainforest,9,water,"0,25",9,0,0,7,0,1,Yes,Unitary,Restricted,Agrarian,0
Congo,"Republic of Congo, Republic of the",2026,342000,0,30370000,"0,01126111",Ferralsols,"0,75",1,Plains,"0,65","0,65","3,7",-5,Tropical,Rainforest,Rainforest,5,open,"0,4",5,0,0,3,0,0,Yes,Unitary,Restricted,Mixed,1
Djibouti,Republic of Djibouti,2026,23200,0,30370000,"0,00076391",Aridisols,"0,85",0,Mountains,"0,55",0,"12,7","10,9",Dry,Arid desert,Hot,3,desert,"0,1",3,2,0,1,0,0,Yes,Unitary,Restricted,Mixed,0
Egypt,Egypt,2026,1002450,0,30370000,"0,0330079",Aridisols,"0,94",1,Plains,"0,9",0,"31,6",22,Dry,Arid desert,Hot,4,desert,"0,19",4,2,0,2,0,0,Yes,Unitary,Restricted,Capitalist,1
Equatorial Guinea,Republic of Equatorial Guinea,2026,28051,0,30370000,"0,00092364",Ferralsols,"0,8",2,Plains,"0,6","0,56","3,8","-1,5",Tropical,Rainforest,Rainforest,2,sea,"0,54",2,0,0,0,2,0,Yes,Unitary,Restricted,Capitalist,1
Eritrea,Republic of Eritrea,2026,117600,0,30370000,"0,00387224",Aridisols,"0,65",1,Mountains,"0,6","0,15",18,"12,3",Dry,Arid desert,Hot,3,desert,"0,2",3,2,0,1,0,0,Yes,Unitary,Restricted,Agrarian,0
Eswatini,Eswatini,2026,17364,0,30370000,"0,00057175",Luvisols,"0,45",0,Mountains,"0,55","0,33","-25,7","-27,3",Temperate,Dry winter,Warm summer,2,open,"0,52",2,0,0,0,0,0,Yes,Unitary,Restricted,Agrarian,0
Ethiopia,Republic of Ethiopia,2026,1104300,0,30370000,"0,03636154",Luvisols,"0,45",1,Plateaus,"0,65","0,15","14,8","3,3",Temperate,Dry winter,Warm summer,6,open,"0,51",6,0,0,4,0,0,Yes,Federal,Restricted,Agrarian,0
Gabon,Republic of Gabon,2026,267667,0,30370000,"0,00881353",Ferralsols,"0,85",2,Plains,"0,7","0,88","2,3","-3,9",Tropical,Rainforest,Rainforest,3,open,"0,4",3,0,0,1,0,0,Yes,Unitary,Restricted,Capitalist,1
Gambia,Republic of Gambia,2026,11300,0,30370000,"0,00037208",Luvisols,"0,6",0,Plains,"0,9","0,4","13,8",13,Tropical,"Savanna, dry winter","Savanna, dry winter",1,open,"0,46",1,0,0,0,0,0,Yes,Unitary,Democratic,Agrarian,0
Ghana,Republic of Ghana,2026,238533,0,30370000,"0,00785423",Luvisols,"0,55",2,Plains,"0,75","0,21","11,1","4,7",Tropical,"Savanna, dry winter","Savanna, dry winter",3,open,"0,17",3,0,0,1,0,0,Yes,Unitary,Democratic,Mixed,1
Guinea,Republic of Guinea,2026,245857,0,30370000,"0,00809539",Ferralsols,"0,65",2,Plateaus,"0,55","0,25","12,6","7,1",Tropical,Monsoon,Monsoon,6,open,"0,24",6,0,0,4,0,0,Yes,Unitary,Restricted,Agrarian,0
Guinea-Bissau,Republic of Guinea-Bissau,2026,36125,0,30370000,"0,0011895",Ferralsols,"0,6",0,Plains,"0,85","0,7","12,6","10,9",Tropical,"Savanna, dry winter","Savanna, dry winter",2,open,"0,13",2,0,0,0,0,0,Yes,Unitary,Restricted,Agrarian,0
Ivory Coast,Republic of Ivory Coast,2026,322463,0,30370000,"0,01061781",Ferralsols,"0,7",1,Plains,"0,8","0,22","10,7","4,3",Tropical,"Savanna, dry winter","Savanna, dry winter",5,open,"0,56",5,0,0,3,0,0,Yes,Unitary,Democratic,Mixed,1
Kenya,Republic of Kenya,2026,580367,0,30370000,"0,01910988",Luvisols,"0,4",0,Plateaus,"0,6","0,06","5,4","-4,6",Dry,Semi-arid steppe,Hot,5,open,"0,35",5,0,0,3,0,0,Yes,Unitary,Democratic,Capitalist,1
Lesotho,Lesotho,2026,30355,0,30370000,"0,00099951",Leptosols,"0,8",0,Mountains,"0,85","0,01","-28,5","-30,6",Temperate,Dry winter,Warm summer,1,mountain,"0,21",1,0,0,0,0,0,Yes,Unitary,Democratic,Agrarian,0
Liberia,Republic of Liberia,2026,111369,0,30370000,"0,00366707",Ferralsols,"0,85",1,Plains,"0,7","0,43","8,5","4,3",Tropical,Monsoon,Monsoon,3,open,"0,59",3,0,0,1,0,0,Yes,Unitary,Democratic,Agrarian,0
Libya,Libya,2026,1759540,0,30370000,"0,05793678",Aridisols,"0,95",2,Plains,"0,85",0,33,"19,5",Dry,Arid desert,Hot,6,desert,"0,41",6,2,0,4,0,0,Yes,Unitary,Restricted,Mixed,1
Madagascar,Republic of Madagascar,2026,587041,0,30370000,"0,01932963",Ferralsols,"0,75",1,Plateaus,"0,65","0,21","-11,9","-25,6",Tropical,Rainforest,Rainforest,0,sea,"0,2",0,0,0,0,2,0,Yes,Unitary,Democratic,Agrarian,0
Malawi,Republic of Malawi,2026,118484,0,30370000,"0,00390135",Luvisols,"0,5",0,Plateaus,"0,7","0,33","-9,3","-17,1",Tropical,"Savanna, dry winter","Savanna, dry winter",3,water,"0,32",3,0,0,1,0,1,Yes,Unitary,Democratic,Agrarian,0
Mali,Republic of Mali,2026,1240192,0,30370000,"0,04083609",Arenosols,"0,65",1,Plains,"0,8","0,03",25,"10,1",Dry,Arid desert,Hot,7,desert,"0,18",7,2,0,5,0,0,Yes,Unitary,Restricted,Agrarian,0
Mauritania,Republic of Mauritania,2026,1030700,0,30370000,"0,0339381",Aridisols,"0,85",1,Plains,"0,85",0,"27,2","14,7",Dry,Arid desert,Hot,4,desert,"0,48",4,2,0,2,0,0,Yes,Unitary,Restricted,Mixed,0
Mauritius,Republic of Mauritius,2026,2040,0,30370000,"0,00006717",Luvisols,"0,6",0,Plains,"0,7","0,17","-19,9","-20,5",Tropical,Monsoon,Monsoon,0,sea,"0,43",0,0,0,0,2,0,Yes,Unitary,Democratic,Capitalist,2
Morocco,Morocco,2026,446550,0,30370000,"0,01470365",Luvisols,"0,45",1,Mountains,"0,55","0,12","35,9","21,3",Dry,Arid desert,Hot,2,desert,"0,57",2,2,0,0,0,0,Yes,Unitary,Restricted,Capitalist,1
Mozambique,Republic of Mozambique,2026,801590,0,30370000,"0,02639414",Arenosols,"0,4",1,Plains,"0,6","0,48","-10,4","-26,8",Tropical,"Savanna, dry winter","Savanna, dry winter",6,open,"0,47",6,0,0,4,0,0,Yes,Unitary,Restricted,Mixed,0
Namibia,Republic of Namibia,2026,825615,0,30370000,"0,02718522",Arenosols,"0,65",1,Plateaus,"0,7","0,08","-16,9","-28,9",Dry,Arid desert,Hot,4,desert,"0,13",4,2,0,2,0,0,Yes,Unitary,Democratic,Capitalist,1
Niger,Republic of Niger,2026,1267000,0,30370000,"0,0417188",Arenosols,"0,75",1,Plains,"0,85",0,"23,5","11,6",Dry,Arid desert,Hot,7,desert,"0,49",7,2,0,5,0,0,Yes,Unitary,Restricted,Agrarian,0
Nigeria,Republic of Nigeria,2026,923768,0,30370000,"0,03041712",Ferralsols,"0,65",2,Plains,"0,7","0,07","13,8","4,2",Tropical,"Savanna, dry winter","Savanna, dry winter",4,open,"0,24",4,0,0,2,0,0,Yes,Federal,Democratic,Capitalist,1
Rwanda,Republic of Rwanda,2026,26338,0,30370000,"0,00086724",Ferralsols,"0,55",0,Mountains,"0,65","0,1",-1,"-2,8",Temperate,Dry winter,Warm summer,4,open,"0,44",4,0,0,2,0,0,Yes,Unitary,Restricted,Agrarian,0
Sao Tome and Principe,Republic of Sao Tome and Principe,2026,964,0,30370000,"0,00003174",Ferralsols,"0,7",0,Mountains,"0,6","0,28","1,7",0,Tropical,Rainforest,Rainforest,0,sea,"0,42",0,0,0,0,2,0,Yes,Unitary,Democratic,Agrarian,0
Senegal,Republic of Senegal,2026,196722,0,30370000,"0,00647751",Arenosols,"0,55",0,Plains,"0,85","0,42","16,6","12,3",Dry,Semi-arid steppe,Hot,5,open,"0,34",5,0,0,3,0,0,Yes,Unitary,Democratic,Mixed,1
Seychelles,Republic of Seychelles,2026,452,0,30370000,"0,00001488",Leptosols,"0,8",0,Mountains,"0,6","0,88","-3,7","-4,8",Tropical,Rainforest,Rainforest,0,sea,"0,15",0,0,0,0,2,0,Yes,Unitary,Democratic,Capitalist,2
Sierra Leone,Republic of Sierra Leone,2026,71740,0,30370000,"0,0023622",Ferralsols,"0,75",1,Plains,"0,65","0,38",10,"6,9",Tropical,Monsoon,Monsoon,2,open,"0,46",2,0,0,0,0,0,Yes,Unitary,Democratic,Agrarian,0
Somalia,Republic of Somalia,2026,637657,0,30370000,"0,02099628",Aridisols,"0,7",0,Plains,"0,65","0,09","11,9","-1,6",Dry,Arid desert,Hot,3,desert,"0,46",3,2,0,1,0,0,Yes,Federal,Restricted,Agrarian,0
South Africa,Republic of South Africa,2026,1221037,0,30370000,"0,04020537",Aridisols,"0,55",3,Plateaus,"0,65","0,14","-22,1","-34,8",Dry,Semi-arid steppe,Hot,6,sea,"0,47",6,0,0,4,2,0,Yes,Federal,Democratic,Capitalist,1
South Sudan,Republic of South Sudan,2026,644329,0,30370000,"0,02121597",Luvisols,"0,45",1,Plains,"0,8","0,11","12,2","3,5",Tropical,"Savanna, dry winter","Savanna, dry winter",6,open,"0,24",6,0,0,4,0,0,Yes,Federal,Restricted,Agrarian,0
Sudan,Republic of Sudan,2026,1886068,0,30370000,"0,062103",Aridisols,"0,75",1,Plains,"0,85","0,02","22,2","8,6",Dry,Arid desert,Hot,7,desert,"0,12",7,2,0,5,0,0,Yes,Federal,Restricted,Agrarian,0
Tanzania,Republic of Tanzania,2026,944841,2462,30370000,"0,03119206",Luvisols,"0,4",1,Plateaus,"0,7","0,51","-0,9","-11,7",Tropical,"Savanna, dry winter","Savanna, dry winter",8,water,"0,39",8,0,0,6,1,1,Yes,Unitary,Democratic,Mixed,1
Togo,Republic of Togo,2026,56785,0,30370000,"0,00186977",Luvisols,"0,55",0,Plains,"0,75","0,03","11,1","6,1",Tropical,"Savanna, dry winter","Savanna, dry winter",3,open,"0,23",3,0,0,1,0,0,Yes,Unitary,Restricted,Agrarian,0
Tunisia,Republic of Tunisia,2026,163610,0,30370000,"0,00538722",Luvisols,"0,45",0,Plains,"0,65","0,04","37,3","30,2",Dry,Arid desert,Hot,2,sea,"0,48",2,0,0,0,2,0,Yes,Unitary,Democratic,Mixed,1
Uganda,Republic of Uganda,2026,241038,0,30370000,"0,00793671",Ferralsols,"0,6",0,Plateaus,"0,65","0,12","4,2","-1,4",Tropical,"Savanna, dry winter","Savanna, dry winter",5,water,"0,38",5,0,0,3,0,1,Yes,Unitary,Restricted,Agrarian,0
Zambia,Republic of Zambia,2026,752612,0,30370000,"0,02478143",Luvisols,"0,5",2,Plateaus,"0,75","0,6","-8,2",-18,Temperate,Dry winter,Warm summer,8,open,"0,56",8,0,0,6,0,0,Yes,Unitary,Democratic,Mixed,0
Zimbabwe,Republic of Zimbabwe,2026,390757,0,30370000,"0,01286655",Luvisols,"0,45",1,Plateaus,"0,7","0,35","-15,6","-22,4",Dry,Semi-arid steppe,Hot,4,open,"0,27",4,0,0,2,0,0,Yes,Unitary,Restricted,Mixed,0
Tanzania,Revolutionary Government of Zanzibar,2026,2462,0,30370000,"0,00008106684228",Luvisols,"0,9",0,Plains,"0,95","0,15","-5,7","-6,5",Tropical,Monsoon,Monsoon,1,sea,1,0,0,0,0,1,0,No,Unitary,Restricted,Agrarian,1
Afghanistan,Islamic Republic of Afghanistan,2026,652230,0,44261000,"0,01473599783",Calcisols,"0,5",1,Mountains,"0,7","0,02","38,5","29,4",Dry,Arid desert,Cold,6,mountain,"0,35",6,2,4,0,0,0,Yes,Central,Absolute,Agrarian,0
Armenia,Republic of Armenia,2026,29743,0,44261000,"0,0006719911434",Kastanozems,"0,4",1,Mountains,"0,8","0,11","41,3","38,8",Continental,Dry summer,Warm summer,4,mountain,"0,4",4,0,4,0,0,0,Yes,Unitary,Democratic,Social Capitalism,1
Azerbaijan,Republic of Azerbaijan,2026,86600,0,44261000,"0,001956575766",Kastanozems,"0,5",2,Mountains,"0,6","0,14","41,9","38,4",Dry,Semi-arid,Cold,5,water,"0,3",4,0,3,1,1,1,Yes,Unitary,Restricted,Capitalist,1
Bahrain,Kingdom of Bahrain,2026,760,0,44261000,"0,00001717087278",Arenosols,"0,9",1,Plains,1,"0,01","26,3","25,6",Dry,Arid desert,Hot,1,sea,1,0,0,0,0,1,0,Yes,Unitary,Restricted,Mercantile,2
Bangladesh,People's Republic of Bangladesh,2026,148460,0,44261000,"0,003354194438",Fluvisols,"0,7",0,Plains,"0,8","0,11","26,6","20,6",Tropical,Monsoon,Monsoon,2,open,"0,75",2,0,0,2,1,0,Yes,Unitary,Democratic,Capitalist,1
Bhutan,Kingdom of Bhutan,2026,38394,0,44261000,"0,0008674453808",Cambisols,"0,6",0,Mountains,"0,9","0,7","28,3","26,7",Temperate,Dry winter,Warm summer,2,mountain,"0,6",2,0,2,0,0,0,Yes,Unitary,Restricted,Agrarian,1
Brunei,"Nation of Brunei, the Abode of Peace",2026,5765,0,44261000,"0,0001302501073",Acrisols,"0,8",2,Plains,"0,7","0,72",5,4,Tropical,Rainforest,Rainforest,2,sea,"0,6",1,0,0,1,1,0,Yes,Unitary,Absolute,Mercantile,2
Cambodia,Kingdom of Cambodia,2026,181035,0,44261000,"0,004090169675",Acrisols,"0,6",0,Plains,"0,7","0,5","14,7","10,4",Tropical,"Savanna, wet","Savanna, wet",3,open,"0,5",3,0,0,3,1,0,Yes,Unitary,Restricted,Capitalist,1
China,People's Republic of China,2026,9596961,0,44261000,"0,2168265742",Phaeozems,"0,3",3,Plateaus,"0,4","0,22","53,5","18,2",Continental,Dry winter,Cold,14,mountain,"0,25",14,2,8,4,1,2,Yes,Central,Absolute,Capitalist,2
Cyprus,Republic of Cyprus,2026,9251,0,44261000,"0,0002090101896",Luvisols,"0,4",0,Mountains,"0,6","0,18","35,7","34,5",Temperate,Dry summer,Hot summer,1,sea,1,0,0,0,0,1,0,Yes,Unitary,Democratic,Social Capitalism,2
North Korea,Democratic People's Republic of Korea,2026,120538,0,44261000,"0,002723345609",Cambisols,"0,6",2,Mountains,"0,8","0,4",43,"37,9",Continental,Dry winter,Warm summer,3,sea,"0,4",3,0,2,1,2,1,Yes,Central,Absolute,Socialist,0
South Korea,Republic of Korea,2026,100210,0,44261000,"0,002264069949",Cambisols,"0,5",0,Mountains,"0,7","0,63","38,6","33,2",Continental,Dry winter,Warm summer,2,sea,"0,6",1,0,1,0,3,0,Yes,Unitary,Democratic,Social Capitalism,3
Georgia,Georgia,2026,69700,0,44261000,"0,00157474978",Kastanozems,"0,4",1,Mountains,"0,8","0,4","43,6",41,Temperate,Without dry season,Warm summer,4,mountain,"0,4",4,0,4,0,1,0,Yes,Unitary,Democratic,Social Capitalism,1
India,Republic of India,2026,3287263,0,44261000,"0,07426996679",Luvisols,"0,4",2,Plains,"0,4","0,24","35,5","8,1",Tropical,Monsoon,Monsoon,7,open,"0,3",7,1,3,3,2,0,Yes,Federal,Democratic,Capitalist,2
Indonesia,Republic of Indonesia,2026,1904569,0,44261000,"0,04303041052",Acrisols,"0,5",3,Mountains,"0,6","0,5","6,1",-11,Tropical,Rainforest,Rainforest,3,sea,"0,8",3,0,1,2,4,0,Yes,Unitary,Democratic,Capitalist,1
Iran,Islamic Republic of Iran,2026,1648195,0,44261000,"0,03723808771",Calcisols,"0,6",3,Plateaus,"0,5","0,07","39,8",25,Dry,Arid desert,Cold,7,mountain,"0,3",7,2,4,1,2,1,Yes,Unitary,Restricted,Capitalist,1
Iraq,Republic of Iraq,2026,438317,0,44261000,"0,009903007162",Fluvisols,"0,3",3,Plains,"0,6","0,02","37,4","29,1",Dry,Arid desert,Hot,6,open,"0,35",6,2,1,3,1,0,Yes,Federal,Restricted,Capitalist,1
Israel,State of Israel,2026,22145,0,44261000,"0,0005003276022",Calcisols,"0,4",0,Plains,"0,5","0,07","33,3","29,5",Temperate,Dry summer,Hot summer,4,open,"0,4",4,1,1,2,1,0,Yes,Unitary,Democratic,Social Capitalism,3
Japan,Japan,2026,377976,0,44261000,"0,008539707643",Andosols,"0,5",0,Mountains,"0,7","0,67","45,5","24,2",Temperate,Without dry season,Hot summer,1,sea,1,0,0,0,0,1,0,Yes,Unitary,Democratic,Social Capitalism,3
Jordan,Hashemite Kingdom of Jordan,2026,89342,0,44261000,"0,002018526468",Calcisols,"0,7",0,Plateaus,"0,8","0,01","33,4","29,2",Dry,Arid desert,Hot,5,open,"0,5",5,3,0,2,1,0,Yes,Unitary,Restricted,Capitalist,1
Kazakhstan,Republic of Kazakhstan,2026,2724900,0,44261000,"0,06156435688",Kastanozems,"0,5",3,Steppes,"0,6","0,01","55,4","40,6",Dry,Semi-arid,Cold,5,open,"0,45",5,2,1,2,0,1,Yes,Unitary,Restricted,Capitalist,1
Kuwait,State of Kuwait,2026,17818,0,44261000,"0,0004025665936",Arenosols,"0,9",3,Plains,1,0,"30,1","28,5",Dry,Arid desert,Hot,2,open,"0,6",2,2,0,0,1,0,Yes,Unitary,Restricted,Mercantile,2
Kyrgyzstan,Kyrgyz Republic,2026,199951,0,44261000,"0,004517543661",Leptosols,"0,7",1,Mountains,"0,9","0,05","43,3","39,2",Continental,Dry summer,Warm summer,4,mountain,"0,4",4,0,4,0,0,0,Yes,Unitary,Restricted,Agrarian,0
Laos,Lao People's Democratic Republic,2026,236800,0,44261000,"0,005350082465",Acrisols,"0,6",1,Mountains,"0,7","0,8","22,5","13,9",Tropical,"Savanna, wet","Savanna, wet",5,water,"0,35",5,0,3,2,0,1,Yes,Unitary,Absolute,Agrarian,0
Lebanon,Lebanese Republic,2026,10452,0,44261000,"0,0002361446872",Luvisols,"0,5",0,Mountains,"0,7","0,13","34,7","33,1",Temperate,Dry summer,Hot summer,2,mountain,"0,6",2,0,1,1,1,0,Yes,Unitary,Restricted,Capitalist,1
Malaysia,Malaysia,2026,330803,0,44261000,"0,007473916089",Acrisols,"0,7",2,Mountains,"0,5","0,6","7,4","0,8",Tropical,Rainforest,Rainforest,3,sea,"0,5",3,0,1,2,3,0,Yes,Federal,Democratic,Capitalist,2
Maldives,Republic of Maldives,2026,300,0,44261000,"0,000006777976096",Arenosols,1,0,Plains,1,0,"7,1","-0,7",Tropical,Monsoon,Monsoon,0,sea,1,0,0,0,0,1,0,Yes,Unitary,Democratic,Capitalist,1
Mongolia,Mongolia,2026,1564110,0,44261000,"0,03533833397",Kastanozems,"0,6",2,Plateaus,"0,7","0,08","52,1","41,6",Dry,Semi-arid,Cold,2,open,"0,55",2,1,1,0,0,0,Yes,Unitary,Democratic,Capitalist,1
Myanmar,Republic of the Union of Myanmar,2026,676578,0,44261000,"0,01528609837",Acrisols,"0,5",1,Mountains,"0,6","0,42","28,5","9,6",Tropical,Monsoon,Monsoon,5,mountain,"0,4",5,0,4,1,1,0,Yes,Unitary,Restricted,Agrarian,0
Nepal,Federal Democratic Republic of Nepal,2026,147181,0,44261000,"0,003325297666",Cambisols,"0,5",0,Mountains,"0,8","0,25","30,4","26,4",Temperate,Dry winter,Warm summer,2,mountain,"0,6",2,0,2,0,0,0,Yes,Federal,Democratic,Agrarian,0
Oman,Sultanate of Oman,2026,309500,0,44261000,"0,006992612006",Calcisols,"0,6",2,Deserts,"0,8",0,"26,4","16,6",Dry,Arid desert,Hot,3,desert,"0,45",3,2,1,0,1,0,Yes,Unitary,Absolute,Mercantile,1
Pakistan,Islamic Republic of Pakistan,2026,881913,0,44261000,"0,01992528411",Calcisols,"0,4",1,Mountains,"0,5","0,05","37,1","23,7",Dry,Arid desert,Hot,4,open,"0,4",4,1,2,1,1,0,Yes,Federal,Restricted,Capitalist,1
Philippines,Republic of the Philippines,2026,300000,0,44261000,"0,006777976096",Acrisols,"0,6",1,Mountains,"0,7","0,24","21,1","4,6",Tropical,Rainforest,Rainforest,0,sea,1,0,0,0,0,1,0,Yes,Unitary,Democratic,Capitalist,1
Qatar,State of Qatar,2026,11586,0,44261000,"0,0002617654368",Calcisols,"0,9",2,Plains,1,0,"26,2","24,5",Dry,Arid desert,Hot,1,desert,1,1,1,0,0,1,0,Yes,Unitary,Absolute,Mercantile,2
Russia,Russian Federation,2026,17098246,0,44261000,"0,3863050089",Podzols,"0,4",3,Plains,"0,5","0,5","81,9","41,2",Continental,Without dry season,Warm summer,14,open,"0,2",14,0,4,10,3,2,Yes,Federal,Restricted,Capitalist,2
Saudi Arabia,Kingdom of Saudi Arabia,2026,2149690,0,44261000,"0,04856849145",Arenosols,"0,7",3,Deserts,"0,8",0,"32,2","16,4",Dry,Arid desert,Hot,7,desert,"0,35",7,5,0,2,2,0,Yes,Unitary,Absolute,Mercantile,2
Singapore,Republic of Singapore,2026,728,0,44261000,"0,00001644788866",Acrisols,"0,9",0,Plains,1,"0,2","1,5","1,2",Tropical,Rainforest,Rainforest,1,sea,1,1,0,0,1,1,0,Yes,Unitary,Restricted,Mercantile,3
Sri Lanka,Democratic Socialist Republic of Sri Lanka,2026,65610,0,44261000,"0,001482343372",Acrisols,"0,7",0,Plains,"0,6","0,3","9,8","5,9",Tropical,Rainforest,Rainforest,0,sea,1,0,0,0,0,1,0,Yes,Unitary,Democratic,Capitalist,1
Syria,Syrian Arab Republic,2026,185180,0,44261000,"0,004183818712",Calcisols,"0,5",0,Plains,"0,6","0,02","37,3","32,3",Dry,Semi-arid,Cold,5,open,"0,4",5,2,1,2,1,0,Yes,Central,Absolute,Capitalist,0
Tajikistan,Republic of Tajikistan,2026,143100,0,44261000,"0,003233094598",Leptosols,"0,6",1,Mountains,"0,9","0,03",41,"36,7",Continental,Dry summer,Warm summer,4,mountain,"0,45",4,0,4,0,0,0,Yes,Unitary,Restricted,Agrarian,0
Thailand,Kingdom of Thailand,2026,513120,0,44261000,"0,01159305032",Acrisols,"0,5",1,Plains,"0,4","0,32","20,5","5,6",Tropical,"Savanna, wet","Savanna, wet",4,open,"0,35",4,0,1,3,2,0,Yes,Unitary,Restricted,Capitalist,1
Timor-Leste,Democratic Republic of Timor-Leste,2026,14874,0,44261000,"0,0003360520549",Cambisols,"0,6",1,Mountains,"0,7","0,45","-8,1","-9,5",Tropical,"Savanna, wet","Savanna, wet",1,sea,1,1,0,0,1,1,0,Yes,Unitary,Democratic,Agrarian,0
Turkiye,Republic of Turkiye,2026,783562,0,44261000,"0,01770321502",Kastanozems,"0,4",1,Plateaus,"0,5","0,15","42,1","35,8",Temperate,Dry summer,Hot summer,8,mountain,"0,25",8,1,5,2,3,0,Yes,Unitary,Democratic,Capitalist,1
Turkmenistan,Turkmenistan,2026,491210,0,44261000,"0,01109803213",Calcisols,"0,6",3,Deserts,"0,8","0,08","42,8","35,1",Dry,Arid desert,Cold,4,desert,"0,4",4,3,0,1,1,0,Yes,Central,Absolute,Socialist,1
United Arab Emirates,United Arab Emirates,2026,83600,0,44261000,"0,001888796006",Arenosols,"0,8",3,Deserts,"0,9",0,"26,1","22,6",Dry,Arid desert,Hot,2,desert,"0,55",2,2,0,0,2,0,Yes,Federal,Absolute,Mercantile,3
Uzbekistan,Republic of Uzbekistan,2026,447400,0,44261000,"0,01010822169",Calcisols,"0,5",3,Deserts,"0,7","0,07","45,6","37,2",Dry,Arid desert,Cold,5,desert,"0,45",5,3,0,2,0,1,Yes,Unitary,Restricted,Capitalist,1
Vietnam,Socialist Republic of Vietnam,2026,331212,0,44261000,"0,007483156729",Acrisols,"0,6",1,Mountains,"0,4","0,45","23,4","8,6",Tropical,Monsoon,Monsoon,3,mountain,"0,4",3,0,2,1,2,0,Yes,Unitary,Absolute,Capitalist,1
Yemen,Republic of Yemen,2026,527968,0,44261000,"0,01192851495",Calcisols,"0,7",1,Mountains,"0,6","0,01",19,"12,1",Dry,Arid desert,Hot,2,desert,"0,5",2,2,1,0,2,0,Yes,Unitary,Absolute,Agrarian,0
Chechnya,Chechen Republic,2026,17300,0,44261000,"0,0003908632882",Cambisols,"0,6",1,Mountains,"0,7","0,3","43,8","42,5",Continental,Without dry season,Warm summer,4,mountain,"0,5",2,0,2,2,0,0,No,Central,Absolute,Capitalist,0
Republic of China,Taiwan,2026,36193,0,44261000,"0,0008177176295",Cambisols,"0,5",0,Mountains,"0,7","0,6","25,3","21,9",Tropical,Monsoon,Monsoon,0,sea,1,0,0,0,0,1,0,Yes,Unitary,Democratic,Social Capitalism,3
Hong Kong Special Administrative Region,Hong Kong,2026,1110,0,44261000,"0,00002507851156",Acrisols,"0,6",0,Mountains,"0,6","0,4","22,5","22,1",Tropical,Monsoon,Monsoon,1,sea,"0,7",1,0,0,1,1,0,No,Unitary,Restricted,Mercantile,3
Macao Special Administrative Region,Macau,2026,33,0,44261000,"0,0000007455773706",Acrisols,"0,8",0,Plains,"0,9","0,1","22,2","22,1",Tropical,Monsoon,Monsoon,1,sea,"0,8",1,0,0,1,1,0,No,Unitary,Restricted,Mercantile,3
State of Palestine,Palestine,2026,6020,0,44261000,"0,000136011387",Calcisols,"0,6",0,Hills,"0,7","0,05","32,5","31,2",Temperate,Dry summer,Hot summer,3,open,"0,6",3,0,0,3,1,1,Yes,Unitary,Restricted,Agrarian,0
Kurdistan Region,Kurdistan,2026,46861,0,44261000,"0,00105874246",Calcisols,"0,6",2,Mountains,"0,8","0,1","37,3","34,6",Dry,Semi-arid,Hot,3,mountain,"0,6",3,0,3,0,0,0,No,Unitary,Restricted,Mercantile,1
Turkish Republic of Northern Cyprus,Northern Cyprus,2026,3355,0,44261000,"0,00007580036601",Luvisols,"0,6",0,Plains,"0,5","0,18","35,7","34,9",Temperate,Dry summer,Hot summer,2,sea,"0,7",1,0,0,1,1,0,No,Unitary,Restricted,Capitalist,1